use_lora,use_oneshot,prompt_kind,prompt_key,run_idx,ttft_ms,decode_tok_s,output_chars,output_tokens,total_ms,output_text
False,False,length,short,0,21642.7,7.52,884,512,89610.8,"はい、承知いたしました。p5.js を使って、かわいい「ねこ」を描画する基本的なスケッチコードをいくつか提案します。

どのような「ねこ」にしたいかによってコードが変わってきますので、**「シンプルな線画のねこ」**、**「図形を使った抽象的なねこ」**、**「アニメーションするねこ」**の3パターンでご紹介します。

---

### 1. シンプルな線画のねこ (基本的な図形)

これは、基本的な図形（円、三角形、線）を使ってねこの形を表現する、最もシンプルな例です。

```javascript
function setup() {
  // キャンバスのサイズを設定
  createCanvas(400, 400);
  background(255); // 背景を白に設定
}

function draw() {
  // 描画開始
  noStroke(); // 線の輪郭を消す
  fill(0);     // 描画色を黒に設定

  // --- ねこの体のパーツ ---

  // 1. 頭 (円)
  ellipse(200, 150, 100, 100);

  // 2. 耳 (三角形)
  triangle(150, 100, 200, 50, 250, 100); // 左耳
  triangle(250, 100, 300, 50, 350, 100); // 右耳

  // 3. 体 (長方形)
  rect(150, 250, 100, 150);

  // 4. 尾 (線)
  line(300, 300, 350, 350);

  // 5. 鼻 (小さな円)
  fill(255, 0, 0); // 鼻を赤く
  ellipse(200, 180, 20, 20);
}
```

### 2. 塗りつぶしで表現したねこ (色と形状の組み合わせ)

より可愛らしく、色を使って表現する例です。

```javascript
function setup() {
  createCanvas("
False,False,length,short,1,161.7,8.4,926,512,60979.6,"はい、承知いたしました。p5.js を使って、かわいい「ねこ」を描画するスケッチコードをいくつか提案します。

どの程度の複雑さやスタイルをご希望ですか？

1. **シンプルな図形（円と線）で描く**
2. **アニメーション（動きのあるねこ）で描く**
3. **基本的なシルエットで描く**

まずは、**「シンプルな円と線で描かれた、静的なかわいいねこ」**のスケッチから始めましょう。

### 🐈 スケッチ例 1: シンプルなかわいいねこ

このコードは、顔のパーツ（頭、耳、目、鼻）を基本的な図形で表現した、シンプルなデザインです。

```javascript
let catX; // ねこの中心X座標
let catY; // ねこの中心Y座標

function setup() {
  // キャンバスのサイズを設定
  createCanvas(600, 400);
  // ねこの中心をキャンバスの中央付近に設定
  catX = width / 2;
  catY = height / 2;
}

function draw() {
  background(255, 255, 255); // 背景を白にリセット

  // --- ねこの描画 ---

  // 1. 本体 (頭) - 丸い図形
  fill(255, 255, 255); // 白い色
  noStroke();
  ellipse(catX, catY, 150, 150); // 大きな円で頭を描画

  // 2. 耳 (三角形)
  fill(255, 255, 255);
  stroke(0);
  strokeWeight(2);
  
  // 左耳
  triangle(catX - 60, catY - 50, catX - 100, catY - 100, catX - 20, catY - 120);
  // 右耳
  triangle(catX + 60, catY - 50, catX + 100, catY - 100, catX + 20, catY - 120);

  // 3. 目 (黒い"
False,False,length,short,2,152.7,8.36,933,512,61304.9,"はい、p5.js で「ねこ」を描画するスケッチコードをいくつか提案します。

どのような「ねこ」にしたいかによってコードが変わってきますので、**簡単な線画**から**少し複雑な図形**まで、いくつかバリエーションを提示します。

### 1. 基本的な線画のねこ (シンプルな図形)

これは、円と三角形を使って、基本的な猫の形を表現する例です。

```javascript
function setup() {
  // キャンバスのサイズを設定
  createCanvas(400, 400);
  background(255); // 背景を白に設定
}

function draw() {
  // 描画開始
  drawCat();
}

function drawCat() {
  // --- 体 (円) ---
  fill(0); // 黒色
  noStroke();
  ellipse(200, 200, 150, 150); // 中央に大きな円を描画

  // --- 耳 (三角形) ---
  fill(0);
  triangle(150, 100, 200, 50, 250, 100); // 左耳
  triangle(250, 100, 300, 50, 350, 100); // 右耳

  // --- 鼻 (小さな三角形) ---
  fill(255, 0, 0); // 赤色
  triangle(200, 220, 200, 240, 200, 220);

  // --- 目 (白丸) ---
  fill(255);
  ellipse(180, 180, 20, 20); // 左目
  ellipse(220, 180, 20, 20); // 右目
}
```

### 2. よりシンプルな顔のねこ (自由な形状)

`bezierCurveTo` や `point` を使って、より有機的な形を試す例です。

```javascript
function setup() {
  createCanvas(500, 500);
  background(240, 240, "
False,True,length,short,0,226.2,8.39,241,121,14530.4,"```js
let catX = 100;
let catY = 100;
let catSize = 50;

function setup() {
  createCanvas(400, 400);
}

function draw() {
  background(255, 255, 255); // 白背景
  fill(0, 0, 0); // 黒色
  
  // 猫を描画
  ellipse(catX, catY, catSize, catSize);
}
```"
False,True,length,short,1,217.1,8.13,253,126,15596.9,"```js
let catX = 100;
let catY = 100;
let catSize = 50;

function setup() {
  createCanvas(400, 400);
}

function draw() {
  background(255, 255, 255);
  fill(255, 255, 255);
  stroke(0);
  strokeWeight(2);
  ellipse(catX, catY, catSize, catSize);
}
```"
False,True,length,short,2,244.1,8.05,245,121,15165.6,"```js
let catX = 100;
let catY = 100;
let catSize = 50;

function setup() {
  createCanvas(400, 400);
}

function draw() {
  background(255, 255, 255); // 白背景
  fill(255, 0, 0); // 赤い色
  noStroke();
  ellipse(catX, catY, catSize, catSize);
}
```"
False,False,length,normal,0,164.8,8.15,991,511,62733.9,"はい、p5.js で猫が走るようなアニメーションを作成するスケッチの基本的な例をいくつか提案します。

ここでは、**シンプルな図形（円や四角）を使って猫を表現し、それを横に移動させる**方法と、**よりアニメーションらしい動き**を出すための基本的な構造を示します。

### 例1：シンプルな図形を使った横移動（最も簡単）

この例では、猫を円として描画し、常に右へ移動するようにします。

```javascript
let catX = 0; // 猫の現在のX座標
const catY = 150; // 猫のY座標 (地面にいると仮定)
const catSize = 40; // 猫のサイズ

function setup() {
  // キャンバスのサイズを設定
  createCanvas(600, 400);
  // 初期位置を設定
  catX = 50;
}

function draw() {
  background(220, 240, 255); // 薄い青の背景

  // 1. 猫を描画
  fill(0, 0, 0); // 黒色で猫を描画
  noStroke();
  ellipse(catX, catY, catSize, catSize); // 円を描画

  // 2. 走る動作（X座標を更新）
  // 右へ移動させる
  catX = catX + 5; // 5ピクセルずつ右に移動

  // 3. 画面端に到達したら、左端に戻す（ループさせる）
  if (catX > width + catSize) {
    catX = -catSize; // 画面外に出たら左端からスタート
  }

  // 4. 走っているように見せるための工夫（オプション）
  // 動きのスピードを調整したい場合は、この速度を変更してください
}
```

### 例2：よりアニメーションらしい「歩行」を表現する（フレームベース）

猫が「歩いている」ように見せるには、体のパーツ（頭、胴体、足）を順番に描画し、それらをわずかにずらしていく必要があります。

```javascript
let catX = 50;
let speed = 3; // 走るスピード
let frame = 0; // アニメ"
False,False,length,normal,1,156.8,8.11,976,512,63204.4,"はい、p5.js でネコが走るスケッチの基本的な例をいくつか提案します。

どのような表現をしたいかによってコードが変わってきますので、**「ネコをシンプルな図形（例えば四角や円）で動かす」**、**「ネコの画像（アセット）を使う」**、**「より滑らかな動きにする」**など、ご希望があれば教えてください。

ここでは、**「シンプルな四角でネコを、キーボードの入力で左右に走らせる」**基本的な例を提示します。

### 1. 基本的な「四角で走るネコ」のスケッチ

このコードでは、ネコを四角として扱い、キーボードの矢印キーで移動させます。

```javascript
let catX = 50; // ネコの現在のX座標
let catY = 150; // ネコのY座標
let catSize = 50; // ネコのサイズ
let speed = 5; // 移動速度

function setup() {
  // キャンバスのサイズを設定
  createCanvas(600, 400);
  // 初期設定（ネコの描画サイズなどを設定）
}

function draw() {
  // 1. 背景をクリア（毎回描画し直す）
  background(220, 240, 255); // 薄い青空のような背景

  // 2. ネコの描画
  fill(0, 0, 0); // ネコの色を黒に設定
  rect(catX, catY, catSize, catSize); // 四角を描画

  // 3. 動きの処理 (キーボード入力に応じて座標を更新)
  
  // 左右の移動
  if (keyIsDown(LEFT_ARROW)) {
    catX -= speed; // 左に移動
  }
  if (keyIsDown(RIGHT_ARROW)) {
    catX += speed; // 右に移動
  }

  // 画面の端で止まらないように制限
  // 左端
  if (catX < 0) {
    catX = 0;
  }
  // 右端
  if (catX + catSize > width) {
    catX = width - catSize;
  }
  "
False,False,length,normal,2,159.4,8.11,1083,512,63183.0,"はい、承知いたしました。p5.js を使って「猫が走る」アニメーションを作成するスケッチコードを提案します。

この例では、シンプルな四角形（または円）を猫として扱い、それを連続的に移動させることで「走っている」ように見せています。

### p5.js スケッチコード

以下のコードを p5.js エディタに貼り付けて実行してください。

```javascript
let catX; // 猫の現在のX座標
let catY; // 猫のY座標
let speed = 5; // 走る速度
let catSize = 40; // 猫のサイズ

function setup() {
  // キャンバスのサイズを設定
  createCanvas(600, 400);
  // 初期位置を設定
  catX = 50;
  catY = height / 2;
}

function draw() {
  // 1. 背景をクリアする（毎回描画し直すことで動きが出ます）
  background(220, 240, 255); // 薄い青空のような背景

  // 2. 猫の位置を更新する（X座標を速度分だけ変化させる）
  catX = catX + speed;

  // 3. 猫を描画する
  fill(0, 0, 0); // 猫の色を黒に設定
  noStroke();
  
  // 猫の描画（ここでは単純な四角形として描画）
  rect(catX, catY, catSize, catSize);

  // 4. 画面端に到達したら、反対側から出現させる（ループさせる）
  if (catX > width + catSize) {
    catX = -catSize; // 画面左端から再スタート
  }
  
  // ----------------------------------------------------
  // 【別バージョン：より自然な動きにするための工夫】
  // ----------------------------------------------------
  // もし、猫が左右に往復する動きをより滑らかにしたい場合は、
  // 以下のコードのように 'frameCount' を使ってサイン波（sin）で動きを制御すると、
  // より自然な振動や波打つような動きになります。
  /*
  catX = map(sin(frameCount * 0."
False,True,length,normal,0,235.5,8.11,344,172,21318.8,"```js
let catX = 50;
let catY = 150;
let catSpeed = 3;
let catSize = 30;

function setup() {
  createCanvas(400, 400);
}

function draw() {
  background(240);

  // ねこを右に動かす
  catX = catX + catSpeed;

  // 画面の端に達したら左端に戻す
  if (catX > 350) {
    catX = 50;
  }

  fill(0, 0, 0); // 黒色
  noStroke();
  ellipse(catX, catY, catSize, catSize);
}
```"
False,True,length,normal,1,218.7,8.19,401,191,23410.0,"```js
let catX = 50;
let catY = 150;
let catVY = 0;
let catSize = 30;
let gravity = 0.5;

function setup() {
  createCanvas(400, 400);
}

function draw() {
  background(240);
  catVY = catVY + gravity;
  catY = catY + catVY;

  // 地面との当たり判定
  if (catY + catSize > 380) {
    catY = 380 - catSize;
    catVY = 0;
  }

  fill(0, 0, 0); // 黒い猫
  noStroke();
  ellipse(catX, catY, catSize, catSize);
}
```"
False,True,length,normal,2,225.8,8.06,342,171,21316.0,"```js
let catX = 50;
let catY = 150;
let catSpeed = 3;
let catSize = 30;

function setup() {
  createCanvas(400, 400);
}

function draw() {
  background(240);
  // ねこを右に動かす
  catX = catX + catSpeed;

  // 画面の端に達したら左端に戻す
  if (catX > 400) {
    catX = 0;
  }

  fill(0, 0, 0); // 黒色
  noStroke();
  ellipse(catX, catY, catSize, catSize);
}
```"
False,False,length,long,0,171.9,8.07,1103,512,63478.8,"はい、承知いたしました。p5.js を使って、色々な色のネコがランダムな速度で走るスケッチを作成します。

このスケッチでは、以下の要素を実装します。

1. **ネコの描画**: シンプルな図形（ここでは円や四角など）でネコを表現します。
2. **複数のネコ**: 複数のネコオブジェクトを管理します。
3. **ランダムな動き**: 各ネコがランダムな速度で左右に移動します。
4. **色の多様性**: 各ネコがランダムな色を持ちます。

### p5.js スケッチコード

以下のコードを p5.js のエディタに貼り付けて実行してください。

```javascript
let cats = []; // ネコを格納する配列

// ネコのクラス定義
class Cat {
  constructor(x, y) {
    this.x = x;
    this.y = y;
    this.size = random(20, 40); // ネコのサイズをランダムに設定
    this.color = color(random(100, 255), random(100, 255), random(100, 255)); // ランダムな色
    this.speed = random(0.5, 3); // ランダムな移動速度 (ゆっくり～速い)
    this.moveDirection = random([-1, 1]); // 左右どちらかに向かう方向
  }

  // 描画
  display() {
    fill(this.color);
    noStroke();
    // ネコを円として描画
    ellipse(this.x, this.y, this.size, this.size);
  }

  // 動きの更新
  update() {
    this.x += this.moveDirection * this.speed;

    // 画面の端を超えたら反対側から出現させる（ループさせる）
    if (this.x > width + this.size || this.x < -this.size) {
      if (this.x > width) {
        this.x = -this.size;
      } else {
        this.x = width + this.size;
      }
    }
  }
}

function setup()"
False,False,length,long,1,156.6,8.21,1128,512,62418.8,"はい、承知いたしました。p5.js を使って、色々な色のネコがランダムな速度で走るスケッチを作成します。

このスケッチでは、以下の要素を実装します。

1. **ネコの描画**: シンプルな図形（ここでは円や四角）を使ってネコを表現します。
2. **複数のネコ**: 複数のネコオブジェクトを管理します。
3. **ランダムな速度**: 各ネコがランダムな速度で移動するようにします。
4. **色の多様性**: 各ネコに異なる色を割り当てます。

### p5.js スケッチコード

以下のコードを p5.js エディタに貼り付けて実行してください。

```javascript
let cats = []; // ネコを格納する配列

// ネコのクラス定義
class Cat {
  constructor(x, y, color, speed) {
    this.x = x;
    this.y = y;
    this.color = color;
    this.speed = speed; // 移動速度
    this.size = 20;    // ネコのサイズ
    this.xSpeed = this.speed; // X方向の速度
    this.ySpeed = 0;     // Y方向の速度 (今回は水平移動のみ)
  }

  // 描画関数
  display() {
    fill(this.color);
    noStroke();
    // ネコを円で表現
    ellipse(this.x, this.y, this.size, this.size);
  }

  // 更新（移動）関数
  update() {
    this.x += this.xSpeed;

    // 画面の端を超えたら反対側から出現させる（ループ処理）
    if (this.x > width + this.size) {
      this.x = -this.size;
    } else if (this.x < -this.size) {
      this.x = width + this.size;
    }
  }

  // 描画と更新をまとめて行う関数
  draw() {
    this.update();
    this.display();
  }
}

// 新しいネコを生成する関数
function createCat() {
  let randomX = random(0, width - 2 * 20); //"
False,False,length,long,2,153.1,8.19,1095,512,62536.1,"はい、承知いたしました。p5.js を使って、色々な色のネコがランダムな速度で走るスケッチを作成します。

このスケッチでは、以下の要素を実装します。

1. **ネコのクラス/オブジェクト**: ネコの描画と動きを管理します。
2. **ランダムな色**: 各ネコに異なる色を与えます。
3. **ランダムな速度**: 各ネコがランダムな速度で走るようにします。
4. **背景**: 走るためのシンプルな背景を設定します。

### p5.js スケッチコード

以下のコードを p5.js のエディタに貼り付けて実行してください。

```javascript
let cats = []; // ネコを格納する配列

// ネコのクラス定義
class Cat {
  constructor(x, y, color, speed) {
    this.x = x;          // 現在のX座標
    this.y = y;          // 現在のY座標
    this.color = color;  // ネコのランダムな色
    this.speed = speed;  // 走る速度 (毎フレーム移動するピクセル数)
    this.size = 30;      // ネコのサイズ
  }

  // 描画メソッド
  display() {
    noStroke();
    fill(this.color);
    // ネコを描画 (ここでは単純な円で表現します)
    ellipse(this.x, this.y, this.size, this.size * 1.5);
  }

  // 動きを更新するメソッド
  move() {
    // X軸方向に移動
    this.x += this.speed;

    // 画面の端を超えたら、反対側から再出現させる（ループさせる）
    if (this.x > width + this.size) {
      this.x = -this.size;
    } else if (this.x < -this.size) {
      this.x = width;
    }
  }
}

// 新しいネコを生成する関数
function createCat() {
  // ランダムなX座標 (画面の端から端まで)
  let x = random(0, width);
  // Y座標は画面の上部から下部の中間あたりに固定
  "
False,True,length,long,0,246.4,8.17,524,279,34292.8,"```js
let cats = [
  { x: 100, y: 100, speed: 2 },
  { x: 200, y: 100, speed: 3 },
  { x: 300, y: 100, speed: 1.5 }
];

function setup() {
  createCanvas(600, 400);
}

function draw() {
  background(255, 255, 255);

  for (let cat of cats) {
    // ねこを左右に動かす
    cat.x += cat.speed;

    // 画面端に到達したら反対側から出現させる
    if (cat.x > width + 50) {
      cat.x = -50;
    }
    if (cat.x < -50) {
      cat.x = width + 50;
    }

    // ねこを描画
    fill(0, 0, 255); // 青いねこ
    noStroke();
    ellipse(cat.x, cat.y, 30, 40);
  }
}
```"
False,True,length,long,1,236.8,8.12,513,279,34481.6,"```js
let cats = [
  { x: 100, y: 100, speed: 2 },
  { x: 200, y: 100, speed: 3 },
  { x: 300, y: 100, speed: 1.5 }
];

function setup() {
  createCanvas(600, 400);
}

function draw() {
  background(255, 255, 255);

  for (let cat of cats) {
    // 左右に移動
    cat.x += cat.speed;

    // 画面端に達したら反対側から出現させる
    if (cat.x > 600) {
      cat.x = -50;
    }
    if (cat.x < -50) {
      cat.x = 600;
    }

    // ねこを描画 (単純な円で表現)
    fill(0, 0, 255); // 青色
    noStroke();
    ellipse(cat.x, cat.y, 30, 40);
  }
}
```"
False,True,length,long,2,230.2,8.02,654,339,42401.2,"```js
let cats = [
  { x: 100, y: 100, speed: 2 },
  { x: 200, y: 100, speed: 3 },
  { x: 300, y: 100, speed: 1.5 }
];
let catSize = 30;
let catY = 100;
let gravity = 0.5;

function setup() {
  createCanvas(600, 400);
}

function draw() {
  background(255, 255, 255); // 白背景
  
  for (let i = 0; i < cats.length; i++) {
    let cat = cats[i];
    
    // 垂直方向の動き（ジャンプや落下をシミュレート）
    cat.y += cat.speed;
    
    // 地面との衝突判定
    if (cat.y > 150) {
      cat.y = 150;
      // 速度をランダムに設定して、ゆっくり/速く動くようにする
      cat.speed = random(1, 3); 
    }
    
    // 描画
    fill(0, 0, 255); // 青色
    noStroke();
    ellipse(cat.x, cat.y, catSize, catSize);
  }
}
```"
False,False,preset,neko,0,151.6,8.19,1036,512,62556.3,"はい、p5.js で猫が走るアニメーションを作成するスケッチコードを提案します。

この例では、シンプルな図形（例えば円や四角）を猫に見立てて、**左右に移動する**アニメーションを作成します。

### p5.js スケッチコード

以下のコードを p5.js のエディタに貼り付けて実行してください。

```javascript
let catX; // 猫の現在のX座標
let speed = 5; // 移動速度
let catSize = 50; // 猫のサイズ

function setup() {
  // キャンバスのサイズを設定
  createCanvas(600, 400);
  // 初期位置を設定
  catX = width / 2;
}

function draw() {
  // 1. 背景をクリアする (毎回描画し直すことで動きが出ます)
  background(220, 240, 255); // 薄い青空のような背景

  // 2. 猫を描画する
  drawCat();

  // 3. 猫を移動させる
  moveCat();
}

function drawCat() {
  // 猫（ここでは青い円）を描画
  fill(0, 100, 255); // 青色
  noStroke();
  ellipse(catX, height / 2, catSize, catSize * 1.5); // 少し縦長な形に
  
  // 猫の顔や耳などの特徴を描画したい場合は、ここに別の図形を追加します
  fill(255, 255, 0); // 黄色（目）
  ellipse(catX - catSize / 3, height / 2 - catSize / 4, catSize / 4, catSize / 4); // 左目
  ellipse(catX + catSize / 3, height / 2 - catSize / 4, catSize / 4, catSize / 4); // 右目
}

function moveCat() {
  // 猫のX座標を速度分だけ変更する
  catX = catX + speed;

  // 画面の端を超えたら、反対側に戻す（ループさせる）
  if (catX > width + catSize * 2 || catX < "
False,False,preset,neko,1,157.0,8.08,1008,512,63376.5,"はい、p5.js で猫が走るアニメーションを作成するスケッチコードを書いてみましょう。

ここでは、シンプルな図形（例えば四角形）を猫に見立てて、それを横に移動させることで「走っている」ように見せる方法をとります。

### p5.js スケッチコード

このコードでは、猫の図形を定義し、それを一定の速度で左右に移動させます。

```javascript
let catX; // 猫の現在のX座標
let speed = 5; // 移動速度
let catSize = 50; // 猫のサイズ

function setup() {
  // キャンバスのサイズを設定
  createCanvas(600, 400);
  // 描画開始時の猫の初期位置を設定
  catX = width / 2;
}

function draw() {
  // 1. 背景をクリア（毎回新しいフレームを描画するため）
  background(220, 240, 255); // 薄い青空のような背景

  // 2. 猫を描画
  // 猫の体の色を仮に灰色に設定
  fill(100, 100, 100);
  noStroke();

  // 猫の描画（ここでは単純な長方形で表現）
  rect(catX, height / 2 - catSize / 2, catSize, catSize);

  // 3. 猫を移動させる処理
  // 猫を右に移動させる
  catX = catX + speed;

  // 4. 画面端で反対側に戻ったら、反対側から開始させる（ループ処理）
  if (catX > width + catSize) {
    catX = -catSize; // 画面左端からスタート
  }

  // 5. 走っている感を出すための追加処理（オプション）
  // 走っている時の動きを強調したい場合は、背景を少しだけ動かすなどの処理を追加できます。
}
```

### コードの解説

1. **`let catX;` と `let speed;`**:
   * 猫の現在の水平位置 (`catX`) と、移動速度 (`speed`) を定義しています。

2. **`setup()`**:
   * `createCanvas(600, 400"
False,False,preset,neko,2,148.5,8.15,992,512,62839.6,"はい、承知いたしました。p5.js を使って「猫が走る」アニメーションを作成する基本的なスケッチコードを提案します。

この例では、猫を四角形で表現し、連続的に動き（走っているように見える動き）をさせることで、走っている感じを出します。

### p5.js スケッチコード

以下のコードを p5.js のエディタに貼り付けて実行してください。

```javascript
let catX; // 猫の現在のX座標
let catY; // 猫のY座標
let speed = 5; // 走る速度
let catSize = 40; // 猫のサイズ

function setup() {
  // キャンバスのサイズを設定
  createCanvas(600, 400);
  // 初期位置を設定
  catX = 50;
  catY = height / 2;
}

function draw() {
  // 背景を白でクリア（毎回描画し直すことで動きが滑らかになります）
  background(240);

  // 1. 猫の位置を更新（走るアニメーションの核）
  // X座標を速度分だけ変化させる
  catX = catX + speed;

  // 2. 猫を描画
  fill(0); // 猫の色を黒に設定
  rect(catX, catY, catSize, catSize);

  // 3. 走っているように見せるための処理（ループさせる）
  // 猫が画面の右端を超えたら、左端に戻す
  if (catX > width + catSize) {
    catX = -catSize; // 画面の左端からスタート
  }

  // 4. 別の動き（オプション：猫の動きをよりリズミカルにする）
  // 描画のたびに、猫のY座標をわずかに上下させることで、より生き生きと見せます
  // （ここでは単純な上下運動を加えています）
  catY = height / 2 + sin(frameCount * 0.1) * 10; 
}
```

### コードの解説

1. **`setup()`**:
   * `createCanvas(600, 400);`: 描画するキャンバスのサイズ（幅600px"
False,True,preset,neko,0,239.3,8.1,417,211,26168.1,"```js
let catX = 50;
let catY = 150;
let catSpeedX = 2;
let catSpeedY = 0;
let catSize = 30;

function setup() {
  createCanvas(400, 400);
}

function draw() {
  background(240);
  
  // ねこを右に動かす
  catX = catX + catSpeedX;
  
  // 画面の端に達したら反対方向へ
  if (catX > 350) {
    catSpeedX = -2;
  }
  if (catX < 50) {
    catSpeedX = 2;
  }
  
  fill(0, 0, 0); // 黒
  noStroke();
  ellipse(catX, catY, catSize, catSize);
}
```"
False,True,preset,neko,1,225.0,8.18,343,171,21008.0,"```js
let catX = 50;
let catY = 150;
let catSpeed = 2;
let catSize = 30;

function setup() {
  createCanvas(400, 400);
}

function draw() {
  background(240);

  // ねこを右に動かす
  catX = catX + catSpeed;

  // 画面の端に達したら左に戻す
  if (catX > 350) {
    catX = 50;
  }

  fill(0, 0, 0); // 黒色
  noStroke();
  ellipse(catX, catY, catSize, catSize);
}
```"
False,True,preset,neko,2,225.9,7.82,491,236,30296.5,"```js
let catX = 50;
let catY = 150;
let catVY = 0;
let catSpeed = 3;
let catSize = 30;
let groundY = 350;

function setup() {
  createCanvas(400, 400);
}

function draw() {
  background(240);

  // 重力
  catVY = catVY + 0.5;
  catY = catY + catVY;

  // 地面との衝突判定
  if (catY + catSize > groundY) {
    catY = groundY - catSize;
    catVY = 0;
  }

  // 左右移動（ランダムな動きを追加）
  catX = catX + random(-1, 1);

  // 描画
  fill(0, 0, 0); // 黒
  noStroke();
  ellipse(catX, catY, catSize, catSize);
}
```"
False,False,preset,ball,0,156.3,8.17,1028,512,62742.1,"はい、p5.js でボールが跳ねる（物理的な動きをする）スケッチの基本的な例をいくつかご紹介します。

最もシンプルな「ボールが画面内で上下に跳ねる」例から、少し動きをリッチにした例まで用意しました。

### 1. 最もシンプルなボールの跳ね（基本的な運動）

この例では、ボールの位置と速度を管理し、画面の端に当たったときに速度を反転させて跳ねるようにします。

```javascript
let ballX, ballY; // ボールの位置
let ballSize = 20; // ボールのサイズ
let ballVelocityX = 3; // X方向の速度
let ballVelocityY = 5; // Y方向の速度

function setup() {
  // キャンバスのサイズを設定
  createCanvas(600, 400);
  // 初期位置を設定
  ballX = width / 2;
  ballY = height / 2;
}

function draw() {
  background(220, 240, 255); // 薄い青の背景

  // 1. ボールの描画
  fill(255, 0, 0); // 赤色
  ellipse(ballX, ballY, ballSize, ballSize);

  // 2. ボールの移動
  ballX += ballVelocityX;
  ballY += ballVelocityY;

  // 3. 画面の端での跳ね判定（Y軸）
  if (ballY + ballSize > height || ballY - ballSize < 0) {
    // 画面の上下の端に当たったら、Y方向の速度を反転させる
    ballVelocityY *= -1;
  }

  // 4. 画面の端での跳ね判定（X軸）
  if (ballX + ballSize > width || ballX - ballSize < 0) {
    // 画面の左右の端に当たったら、X方向の速度を反転させる
    ballVelocityX *= -1;
  }
}
```

### 2. 重力と跳ね返りを加えたボール（よりリアルな動き）

この例では、常に下に加速する「重力」を導入し、跳ね返りをより自然に表現します。

"
False,False,preset,ball,1,157.6,8.17,1025,512,62736.8,"はい、承知いたしました。p5.js を使って、ボールが跳ねる（弾む）簡単なスケッチを作成します。

この例では、ボールを円として描き、マウスでクリックするとボールが跳ねるようにします。物理的な挙動（重力や反発係数）をシンプルに実装します。

### p5.js スケッチコード

以下のコードを p5.js のエディタ（オンラインエディタやローカルの環境）に貼り付けて実行してください。

```javascript
let ball; // ボールのオブジェクトを保持する変数

function setup() {
  // キャンバスのサイズを設定
  createCanvas(600, 400);
  
  // ボールの初期位置とサイズを設定
  ball = {
    x: width / 2,
    y: height - 50,
    radius: 20,
    color: color(255, 0, 0), // 赤色
    vx: 0, // x方向の速度 (Velocity x)
    vy: 0  // y方向の速度 (Velocity y)
  };
}

function draw() {
  background(220, 240, 255); // 薄い青の背景

  // 1. ボールの描画
  fill(ball.color);
  noStroke();
  ellipse(ball.x, ball.y, ball.radius * 2);

  // 2. 物理演算（重力と移動）
  
  // 重力（y方向の速度を毎フレーム増加させる）
  ball.vy += 0.5; // 重力加速度

  // 位置の更新
  ball.x += ball.vx;
  ball.y += ball.vy;

  // 3. 境界判定（床との衝突）
  if (ball.y + ball.radius > height) {
    ball.y = height - ball.radius; // 床に接触
    ball.vy = 0; // 速度をゼロにする
  }

  // 4. マウスとの衝突判定（ボールを跳ねさせる）
  // マウスがボールの中心から一定距離内に入ったら跳ねる
  if (mouseIsPressed) {
    // マウスの位置をボール"
False,False,preset,ball,2,152.2,8.14,1027,512,62908.2,"はい、p5.js でボールが跳ねる（物理的な動きをする）スケッチの基本的な例をいくつか提案します。

最もシンプルで分かりやすい「ボールが画面内で上下に跳ねる」例から、少し動きのある例までご紹介します。

### 1. 基本的な跳ねるボール（最もシンプル）

この例では、ボールを円として描き、重力の影響で下に落ち、床に当たると跳ね返ります。

```javascript
let ball;

function setup() {
  // キャンバスのサイズを設定
  createCanvas(600, 400);
  
  // ボールの初期位置とサイズを設定
  ball = {
    x: width / 2,      // 中央
    y: 50,             // 上の方からスタート
    radius: 20,
    color: color(255, 0, 0) // 赤色
  };
}

function draw() {
  background(220, 240, 255); // 薄い青色の背景

  // 1. ボールを描画
  fill(ball.color);
  noStroke();
  ellipse(ball.x, ball.y, ball.radius * 2);

  // 2. 重力と跳ね返りの処理
  // y座標を更新（重力で下に移動）
  ball.y += 3; // 毎フレーム3ピクセルずつ下に移動

  // 床との衝突判定
  if (ball.y + ball.radius > height) {
    // 床に到達したら、y座標を床のすぐ上の位置に修正
    ball.y = height - ball.radius;
    
    // 速度を反転させて跳ね返るようにする（ここでは単純に移動を停止）
    // より高度な物理シミュレーションでは、速度ベクトルを反転させます。
  }
}
```

### 2. 速度と摩擦を考慮した跳ねるボール（よりリアルな動き）

この例では、ボールに「速度（velocity）」を持たせ、その速度を使って移動と跳ね返りを計算します。

```javascript
let ball;
let gravity = 0.3; // 重力の強さ
let velocityY = 0; // 垂直方向"
False,True,preset,ball,0,234.3,8.08,375,181,22503.9,"```js
let ballX = 200;
let ballY = 100;
let ballVY = 0;
let ballRadius = 25;

function setup() {
  createCanvas(400, 400);
}

function draw() {
  background(240);
  ballVY = ballVY + 0.5;
  ballY = ballY + ballVY;

  if (ballY > 370) {
    ballY = 370;
    ballVY = -10;
  }

  fill(255, 100, 100);
  noStroke();
  ellipse(ballX, ballY, ballRadius * 2, ballRadius * 2);
}
```"
False,True,preset,ball,1,230.2,8.08,396,187,23250.5,"```js
let ballX = 200;
let ballY = 100;
let ballVY = 0;
let gravity = 0.5;
let ballRadius = 25;

function setup() {
  createCanvas(400, 400);
}

function draw() {
  background(240);
  ballVY = ballVY + gravity;
  ballY = ballY + ballVY;
  if (ballY > 370) {
    ballY = 370;
    ballVY = -10;
  }
  fill(255, 100, 100);
  noStroke();
  ellipse(ballX, ballY, ballRadius * 2, ballRadius * 2);
}
```"
False,True,preset,ball,2,234.6,8.18,373,181,22252.7,"```js
let ballX = 200;
let ballY = 100;
let ballVY = 0;
let ballRadius = 25;

function setup() {
  createCanvas(400, 400);
}

function draw() {
  background(240);
  ballVY = ballVY + 0.5;
  ballY = ballY + ballVY;
  if (ballY > 370) {
    ballY = 370;
    ballVY = -10;
  }
  fill(255, 100, 100);
  noStroke();
  ellipse(ballX, ballY, ballRadius * 2, ballRadius * 2);
}
```"
False,False,preset,button,0,156.1,8.1,1123,512,63247.6,"はい、承知いたしました。p5.js を使って、ボタンを押すと背景の色が変化するスケッチを作成します。

この例では、キャンバス上にボタン（例えば、特定の座標にある四角形）を配置し、そのボタンをクリック（またはタッチ）すると背景の色がランダムに変わるようにします。

### p5.js スケッチコード

以下のコードを p5.js のエディタ（例：p5.js Web Editor）に貼り付けて実行してください。

```javascript
let backgroundColor = 0; // 初期背景色 (RGB値)
let currentColor = 255;   // 現在の背景色を管理する変数

function setup() {
  // キャンバスのサイズを設定
  createCanvas(600, 400);
  // 初期背景色を設定
  background(backgroundColor);
}

function draw() {
  // 背景を常に現在の色で塗りつぶす
  background(currentColor);

  // 画面上にボタン（クリック領域）を描画
  drawButton();
}

function drawButton() {
  // ボタンの描画 (中央付近に大きな四角形)
  fill(255, 0, 0); // ボタンの色を赤に設定
  noStroke();
  rect(150, 150, 300, 100); // x, y, 幅, 高さ

  // ボタンの上にテキストを表示
  fill(255);
  textSize(18);
  textAlign(CENTER, CENTER);
  text(""色を変える！"", 300, 200);
}

// マウスがクリックされたときの処理
function mousePressed() {
  // クリックされた場所がボタンの範囲内にあるかチェック
  if (mouseX > 150 && mouseX < 450 && mouseY > 150 && mouseY < 250) {
    // ボタンがクリックされたら、新しいランダムな色を決定する
    // R, G, B の値を 0 から 255 の間でランダムに生成
    let r = random(256);
    let g = random(256);
    let b = random(256);

    // 新しい色をcurrentColorに設定
    currentColor = ["
False,False,preset,button,1,154.5,8.19,1123,512,62558.2,"はい、承知いたしました。p5.js を使って、ボタンを押すと色が変化するスケッチの基本的な例をいくつか提案します。

どのような「ボタン」を想定されているかによって実装方法が変わってきますので、**「マウスでクリックする」**、**「特定のキーを押す」**、または**「キャンバス上の特定の図形をクリックする」**のどれを希望されるか教えていただけると、より的確なコードを提供できます。

ここでは、最も一般的な**「マウスでクリックすると色が変化する」**スケッチを基本として作成します。

### 例1：マウスをクリックすると色がランダムに変わる

このスケッチでは、キャンバスをクリックするたびに、背景の色がランダムに変わります。

```javascript
let currentColor; // 現在の色を保持する変数

function setup() {
  // キャンバスのサイズを設定
  createCanvas(600, 400);
  // 初期の色を設定
  currentColor = color(random(255), random(255), random(255));
}

function draw() {
  // 背景を現在の色で塗りつぶす
  background(currentColor);
  
  // 描画（ここでは何も描かないが、色が変わることを確認するため）
  noStroke();
  fill(255);
  text(""クリックして色を変えてください"", 10, 30);
}

function mousePressed() {
  // マウスがクリックされたときの処理
  // クリックするたびに新しいランダムな色を生成
  currentColor = color(random(255), random(255), random(255));
  console.log(""色が変更されました！"");
}
```

### 例2：ボタン（図形）をクリックすると色が切り替わる

キャンバス上に四角（ボタンの代わり）を描画し、それをクリックすると色が2種類（例：赤と青）で切り替わる例です。

```javascript
let backgroundColor = color(255, 255, 255); // 初期色
let colorOption = 0; // 0:白, 1:赤, 2:青

function setup() {
  createCanvas(600, 400);
}

function draw() {
  // 背景を現在の色"
False,False,preset,button,2,157.3,8.15,1388,518,63602.9,"## p5.js ボタンを押すと色が変化するスケッチ

このスケッチは、キャンバス上にボタン（四角形）を描画し、マウスがボタンの上に乗ったとき（またはクリックしたとき）に、そのボタンの色がランダムに変化するようにします。

### HTML (index.html)

まず、p5.jsライブラリとスケッチファイルを含むHTMLファイルが必要です。

```html
<!DOCTYPE html>
<html lang=""ja"">
<head>
    <meta charset=""UTF-8"">
    <title>Color Changing Button</title>
    <script src=""https://cdnjs.cloudflare.com/ajax/libs/p5.js/1.4.0/p5.js""></script>
    <script src=""sketch.js""></script>
    <style>
        body {
            display: flex;
            justify-content: center;
            align-items: center;
            min-height: 100vh;
            margin: 0;
            background-color: #f0f0f0;
        }
    </style>
</head>
<body>
</body>
</html>
```

### JavaScript (sketch.js)

これがメインのp5.jsのコードです。

```javascript
let buttonX;
let buttonY;
let buttonSize = 100;
let currentColor;

function setup() {
    // キャンバスのサイズを設定
    createCanvas(600, 400);
    
    // 初期の色を設定
    currentColor = color(random(255), random(255), random(255));
    
    // ボタンの初期位置を中央に設定
    buttonX = width / 2 - buttonSize / 2;
    buttonY = height / 2 - buttonSize / 2;
}

function draw() {
    background(255); // 毎フレーム背景を白でクリア

    // 1. ボタンを描画
    fill(currentColor);
    noStroke();
    rect(buttonX, buttonY, buttonSize, buttonSize);

    // 2. マウスがボタンの上にあるかチェック
    if (mouseX > buttonX && mouseX < buttonX + buttonSize &&
        mouseY > buttonY && mouseY < buttonY"
False,True,preset,button,0,235.1,7.97,594,235,29591.5,"```js
let buttonX = 100;
let buttonY = 100;
let buttonSize = 100;
let buttonColorIndex = 0;
let colors = ['#FF5733', '#33FF57', '#3357FF', '#FF33A1'];

function setup() {
  createCanvas(400, 400);
}

function draw() {
  background(255);

  // ボタンを描画
  fill(colors[buttonColorIndex]);
  noStroke();
  rect(buttonX, buttonY, buttonSize, buttonSize);

  // マウスがボタンの範囲内にあるかチェック
  if (mouseX > buttonX && mouseX < buttonX + buttonSize &&
      mouseY > buttonY && mouseY < buttonY + buttonSize) {
    // マウスがボタンの上にある場合、色を切り替える
    buttonColorIndex = (buttonColorIndex + 1) % colors.length;
  }
}
```"
False,True,preset,button,1,235.3,7.98,578,229,28817.0,"```js
let buttonX = 100;
let buttonY = 100;
let buttonSize = 100;
let buttonColorIndex = 0;
let colors = ['#FF5733', '#33FF57', '#3357FF', '#FF33A1'];

function setup() {
  createCanvas(400, 400);
}

function draw() {
  background(240);

  // ボタンの描画
  fill(colors[buttonColorIndex]);
  rect(buttonX, buttonY, buttonSize, buttonSize);

  // マウスがボタンの上にあるかチェック
  if (mouseX > buttonX && mouseX < buttonX + buttonSize &&
      mouseY > buttonY && mouseY < buttonY + buttonSize) {
    // マウスがボタンの上にある場合、色を切り替える
    buttonColorIndex = (buttonColorIndex + 1) % colors.length;
  }
}
```"
False,True,preset,button,2,222.9,7.94,575,228,28832.8,"```js
let buttonX = 100;
let buttonY = 100;
let buttonSize = 100;
let buttonColorIndex = 0;
let colors = ['#FF5733', '#33FF57', '#3357FF', '#FF33A1'];

function setup() {
  createCanvas(400, 400);
}

function draw() {
  background(240);

  // ボタンの描画
  fill(colors[buttonColorIndex]);
  rect(buttonX, buttonY, buttonSize, buttonSize);

  // マウスがボタンの上にあるかチェック
  if (mouseX > buttonX && mouseX < buttonX + buttonSize &&
      mouseY > buttonY && mouseY < buttonY + buttonSize) {
    // マウスがボタン上にあれば色を切り替える
    buttonColorIndex = (buttonColorIndex + 1) % colors.length;
  }
}
```"
False,False,preset,ame,0,159.4,8.02,1085,512,63920.1,"はい、承知いたしました。p5.js を使って「雨が降っている」様子を表現するスケッチコードを書いてみます。

ここでは、背景に雨粒をランダムに描画し、雨が降っているような雰囲気を出すシンプルな例を作成します。

### p5.js スケッチコード

このコードを p5.js エディタ（オンラインまたはローカル）に貼り付けて実行してください。

```javascript
let rainX; // 雨粒のX座標を管理するための変数
let raindrops = []; // 雨粒のオブジェクトを格納する配列

function setup() {
  // キャンバスのサイズを設定
  createCanvas(800, 600);
  // 初期設定：雨粒の初期位置をリセット
  rainX = width;
  for (let i = 0; i < 100; i++) {
    // 初期位置をランダムに設定
    raindrops.push({
      x: random(width),
      y: random(height),
      speed: random(2, 5), // 降る速さをランダムに設定
      size: random(1, 3)  // 雨粒のサイズをランダムに設定
    });
  }
}

function draw() {
  // 1. 背景を少しずつ変えて雨の動きを表現 (薄い青やグレー)
  background(135, 140, 150, 50); // 薄い青っぽい背景で、前のフレームが残るようにする

  // 2. 雨粒を描画
  for (let i = 0; i < raindrops.length; i++) {
    let drop = raindrops[i];

    // 雨粒を下に移動
    drop.y += drop.speed;

    // 画面の下端を超えたら、新しい位置のランダムな上部にリセット
    if (drop.y > height) {
      drop.y = random(0, height / 2); // 画面の上半分から再スタート
      drop.x = random(width); // X座標も再ランダム化
      drop.speed = random(2, 5); // 速度もリセット
    }

    // 雨粒を描画 (白い点や小さな線)
    fill(2"
False,False,preset,ame,1,160.0,8.15,1060,512,62900.4,"はい、承知いたしました。p5.js を使って「雨が降っている」ような、基本的な視覚効果を持つスケッチコードを書いてみます。

この例では、画面全体にランダムな位置に白い線（雨粒）を生成し、それらが落下していくような動きを表現します。

### p5.js スケッチコード

以下のコードを p5.js のエディタに貼り付けて実行してください。

```javascript
let raindrops = []; // 雨粒を格納する配列

function setup() {
  // 描画するキャンバスのサイズを設定
  createCanvas(800, 600);
  // 初期化（ここでは雨粒を初期化する処理は setup 内で行いません）
}

function draw() {
  // 1. 背景を少しずつ透明にすることで、雨の軌跡を残す（雨の表現をよりリッチにする）
  background(0, 10); // 非常に薄い黒に近い色で上書きして、残像効果を出す

  // 2. 新しい雨粒をランダムに生成する
  // 画面の高さに合わせて、雨粒の数を制御
  if (random(1) < 0.5) { // 50%の確率で新しい雨粒を生成
    raindrops.push(new Raindrop());
  }

  // 3. 既存の雨粒を更新し、描画する
  for (let i = raindrops.length - 1; i >= 0; i--) {
    raindrops[i].update();
    raindrops[i].show();

    // 画面外に出た雨粒を削除する
    if (raindrops[i].isOffScreen()) {
      raindrops.splice(i, 1);
    }
  }
}

// Raindrop クラスの定義
class Raindrop {
  constructor() {
    // ランダムなX座標（画面の端から端まで）
    this.x = random(width);
    // 初期Y座標（画面の上端から開始）
    this.y = random(-20, height); // 少し画面外からスタート
    // 落下速度
    this.speed = random(2, 5);
    // サイズ
    this.size ="
False,False,preset,ame,2,162.4,8.08,1031,512,63446.7,"はい、承知いたしました。p5.js を使って「雨が降っている」様子を表現するスケッチコードをいくつか提案します。

最もシンプルで一般的な、**白い線がランダムに落ちてくる**表現から、**背景に雨のしずくを表現する**表現まで用意しました。

### 1. シンプルな雨（線が落ちてくる）

これは、画面上からランダムな位置に白い線（雨粒）を生成し、重力に従って下に移動させる基本的な実装です。

```javascript
let raindrops = []; // 雨粒の配列を保持する

function setup() {
  // キャンバスのサイズを設定
  createCanvas(800, 600);
  // 初期設定（雨粒を生成する）
  for (let i = 0; i < 100; i++) {
    // 画面のランダムなX座標に雨粒を生成
    raindrops.push(new Raindrop());
  }
}

function draw() {
  background(20, 20, 40); // 暗い青（夜や雨の雰囲気を出す）

  // 画面をクリアするのではなく、少し透明な黒で残像を残すことで、
  // 雨の軌跡を表現することもできますが、今回はシンプルにクリアします。
  // fill(20, 20, 40, 50); // わずかに残像を残す場合

  for (let i = raindrops.length - 1; i >= 0; i--) {
    raindrops[i].update();
    raindrops[i].show();

    // 画面外に出た雨粒は削除
    if (raindrops[i].isOffScreen()) {
      raindrops.splice(i, 1);
    }
  }

  // 継続的に新しい雨粒を生成する（雨の密度を維持するため）
  if (random(1) < 0.5) { // 50%の確率で新しい雨粒を追加
    raindrops.push(new Raindrop());
  }
}

// Raindropクラスの定義
class Raindrop {
  constructor() {
    this.x = random(width); // 画面のランダムなX"
False,True,preset,ame,0,236.2,8.06,678,295,36731.0,"```js
let rainY = 0;
let rainSpeed = 3;
let rainDrops = [];
let numDrops = 100;

function setup() {
  createCanvas(400, 400);
  for (let i = 0; i < numDrops; i++) {
    rainDrops.push({
      x: random(width),
      y: random(height),
      speed: random(1, 5),
      size: random(2, 5)
    });
  }
}

function draw() {
  background(0, 0, 50); // 濃い青の背景（夜空風）

  // 雨の描画
  for (let i = 0; i < numDrops; i++) {
    let drop = rainDrops[i];
    drop.y += drop.speed;

    if (drop.y > height) {
      drop.y = 0;
      drop.x = random(width);
      drop.speed = random(1, 5);
    }

    fill(170, 170, 255); // 水色の雨
    noStroke();
    ellipse(drop.x, drop.y, drop.size);
  }
}
```"
False,True,preset,ame,1,233.1,8.02,704,310,38754.9,"```js
let raindrops = [];
let numDrops = 10;

function setup() {
  createCanvas(400, 400);
  for (let i = 0; i < numDrops; i++) {
    raindrops.push({
      x: random(width),
      y: random(height),
      vy: random(2, 5),
      size: random(3, 6)
    });
  }
}

function draw() {
  background(0, 0, 50); // 濃い青の背景
  for (let i = 0; i < numDrops; i++) {
    let drop = raindrops[i];
    drop.y += drop.vy;
    drop.x += random(-0.5, 0.5); // 少し左右に揺らす
    
    // 画面外に出たらリセット
    if (drop.y < 0) {
      drop.y = height;
      drop.x = random(width);
      drop.vy = random(2, 5);
    }

    fill(255, 255, 255, 150); // 白っぽい雨粒
    noStroke();
    ellipse(drop.x, drop.y, drop.size, drop.size);
  }
}
```"
False,True,preset,ame,2,230.5,7.97,779,345,43374.5,"```js
let raindrops = [];
let numDrops = 10;

function setup() {
  createCanvas(400, 400);
  for (let i = 0; i < numDrops; i++) {
    raindrops.push({
      x: random(width),
      y: random(height),
      vy: random(2, 5),
      size: random(3, 6)
    });
  }
}

function draw() {
  background(255, 255, 255, 200); // 半透明の白で背景
  for (let i = 0; i < numDrops; i++) {
    let drop = raindrops[i];
    drop.y += drop.vy;
    drop.x += random(-0.5, 0.5); // 少し左右に揺らす
    drop.size *= 0.99; // サイズを少し小さくしていく

    // 画面外に出たらリセット
    if (drop.y < 0) {
      drop.y = height;
      drop.x = random(width);
      drop.vy = random(2, 5);
      drop.size = random(3, 6);
    }

    fill(0, 0, 255, 150); // 青っぽい雨
    noStroke();
    ellipse(drop.x, drop.y, drop.size, drop.size);
  }
}
```"
True,False,length,short,0,6660.8,5.79,933,512,94959.8,"はい、承知いたしました。p5.js を使ってシンプルなネコを描画するスケッチコードをいくつか提案します。

どのスタイルがお好みですか？

1. **シンプルな線画風のネコ**
2. **少し丸みを帯びた、かわいらしいネコ**
3. **表情豊かな、アニメ調のネコ**

ご希望に応じて選んでいただくか、もし特定の要素（色、ポーズなど）のご要望があれば教えてください。

---

### 1. シンプルな線画風のネコ

最も基本的な、線で描かれたネコです。

```javascript
function setup() {
  createCanvas(400, 400);
  angleMode(DEGREES); // 回転を度単位に設定
}

function draw() {
  background(255); // 白背景

  // 本体 (円)
  fill(255);
  stroke(0); // 黒線
  strokeWeight(2);
  ellipse(200, 200, 100, 120);

  // 耳
  stroke(0);
  strokeWeight(3);
  arc(180, 150, 40, 60, 0); // 左耳

  stroke(0);
  strokeWeight(3);
  arc(220, 150, 40, 60, 180); // 右耳

  // 体の線
  beginShape();
  vertex(150, 250); // 左足
  bezierVertex(180, 100, 250, 100, 300, 250); // 背中
  vertex(350, 250); // 右足
  endShape(CLOSE);

  // 顔
  fill(255);
  stroke(0);
  strokeWeight(1);
  ellipse(200, 180, 60, 70); // 顔

  // 目
  fill(black);
  ellipse(170, 160, 8, 10); // 左目
  ellipse(230, 160, 8, 10); //"
True,False,length,short,1,224.4,6.04,912,512,84782.4,"はい、承知いたしました。p5.js でシンプルなネコを描画するスケッチコードをいくつか提案します。

どのスタイルがお好みですか？

1. **基本的な線画スタイル**
2. **より丸みを帯びた、可愛らしいスタイル**
3. **少しアニメーションを加えたスタイル（例：尾の動き）**

まずは、**1. 基本的な線画スタイル**のコードから始めます。

### 1. 基本的な線画スタイルのネコ

このコードは、基本的な図形（円、三角形、線）を使ってネコの形を表現します。

```javascript
let catColor = '#6c757d'; // ややグレーがかったネコの色

function setup() {
  // キャンバスのサイズを設定
  createCanvas(400, 400);
}

function draw() {
  background(255); // 背景を白に設定

  // 本体（円）
  fill(catColor);
  noStroke();
  ellipse(200, 200, 100, 120);

  // 耳（三角形）
  fill(catColor);
  triangle(180, 100, 220, 100, 200, 100); // 左耳
  triangle(220, 100, 260, 100, 240, 100); // 右耳

  // 鼻（小さな三角形または楕円）
  fill(orange); // 鼻の色
  triangle(200, 220, 200, 230, 220, 230);

  // 目の表現（小さな円）
  fill(black);
  ellipse(180, 170, 10, 10); // 左目
  ellipse(220, 170, 10, 10); // 右目

  // 体の線（オプション）
  stroke(catColor);
  strokeWeight(1);
  path(150, 250, 250, 300, 350, 250); // 体のシルエット
}
```"
True,False,length,short,2,217.2,6.04,959,512,84813.6,"はい、承知いたしました。p5.js を使ってシンプルなネコを描画するスケッチコードをいくつか提案します。

どの程度の複雑さやスタイルをご希望ですか？

1. **非常にシンプルな線画風のネコ**
2. **塗りつぶされた、少し丸みを帯びたネコ**
3. **アニメーション（動きのある）ネコ**

まずは、**「1. 非常にシンプルな線画風のネコ」**のコードから提供します。

---

### 1. シンプルな線画風のネコ

このコードは、`line()` 関数を使ってネコの基本的な形（頭、耳、体）を描画します。

```javascript
function setup() {
  // キャンバスのサイズを設定
  createCanvas(400, 400);
  angleMode(DEGREES); // 角度を度数法に設定
}

function draw() {
  background(255); // 背景を白に設定

  // --- ネコの本体 (胴体) ---
  stroke(0); // 線の色を黒に設定
  strokeWeight(3); // 線の太さを設定
  noFill(); // 塗りつぶさないように設定
  
  // 体の丸みを表現するために、いくつかの点を結ぶ
  point(200, 200); // お腹あたり
  bezier(150, 100, 250, 150, 350, 200); // 背中と尻尾のカーブ
  point(380, 200); // 尻尾の先端

  // --- 頭 ---
  ellipse(200, 100, 100, 100); // 頭を楕円で描く

  // --- 耳 ---
  // 左耳
  beginShape();
  vertex(180, 50);
  curveVertex(150, 20);
  vertex(160, 80);
  endShape(CLOSE);

  // 右耳
  beginShape();
  vertex(220, 50);
  curveVertex(250, 20);
  vertex(240, 80);
  endShape(CLOSE);

"
True,True,length,short,0,283.4,6.02,752,342,56935.7,"```js
let catX = 150;
let catY = 150;
let catVY = 0;
let catSize = 50;
let catColor = '#333333';
let targetX = 250;
let targetY = 250;
let speed = 3;

function setup() {
  createCanvas(400, 400);
}

function draw() {
  background(240);

  // ねこをターゲットに向かって動かす
  let dx = targetX - catX;
  let dy = targetY - catY;
  let dist = sqrt(dx * dx + dy * dy);

  if (dist > 1) {
    catVY = sign(dy) * catSpeed * (1 - dist / catSize);
    catX = catX + catVX;
    catY = catY + catVY;
  } else {
    catVX = 0;
    catVY = 0;
  }

  // ねこを描く
  fill(catColor);
  stroke(255, 255, 255, 50);
  strokeWeight(catSize / 20);
  ellipse(catX, catY, catSize, catSize);
}

function mouseDragged() {
  // マウスを動かしたときにターゲットを設定する
  targetX = mouseX;
  targetY = mouseY;
}
```"
True,True,length,short,1,299.3,6.08,522,251,41404.1,"```js
let catX = 150;
let catY = 150;
let catSize = 80;
let catVY = 0;
let groundY = 370;
let catColor = '#555555';

function setup() {
  createCanvas(400, 400);
}

function draw() {
  background(240);

  // ネコの重力と地面との衝突判定
  catVY = catVY + 0.5;
  catY = catY + catVY;
  if (catY > groundY) {
    catY = groundY;
    catVY = -10;
  }

  // ネコの描画
  fill(catColor);
  noStroke();
  ellipse(catX, catY, catSize, catSize);

  // 足の描画
  fill(255);
  rect(catX - catSize / 2, catY + catSize / 4, catSize / 2, catSize / 4);
}
```"
True,True,length,short,2,282.8,6.03,921,407,67613.8,"```js
let catX = 150;
let catY = 150;
let catVY = 0;
let catSize = 50;
let catColor = '#4a2d1a';
let targetX = 250;
let targetY = 250;
let speed = 3;

function setup() {
  createCanvas(400, 400);
}

function draw() {
  background(240);

  // ねこを目標に向かって動かす
  let dx = targetX - catX;
  let dy = targetY - catY;
  let dist = sqrt(dx * dx + dy * dy);

  if (dist > 1) {
    catVY = sign(dy) * catSpeed;
    catX = catX + catVX;
    catY = catY + catVY;
  } else {
    catVX = 0;
    catVY = 0;
  }

  // ねこの描画
  fill(catColor);
  noStroke();
  ellipse(catX, catY, catSize, catSize);

  // ねこの耳
  fill(255);
  triangle(catX - catSize/2, catY - catSize/4, catX - catSize/4, catY - catSize/4, catX + catSize/4, catY - catSize/4);
}

function mousePressed() {
  // マウスがねこに近づいたらターゲットを更新
  let currentDist = dist(mouseX, mouseY, catX, catY);
  if (currentDist < catSize / 2) {
    targetX = mouseX;
    targetY = mouseY;
  }
}
```"
True,False,length,normal,0,213.6,6.12,1099,512,83722.7,"はい、承知いたしました。p5.js を使って、ネコが画面上で走るようにするスケッチコードを書いてみましょう。

このコードでは、ネコを描画し、キーボードの矢印キー（上、下、左、右）でネコを動かします。

### p5.js スケッチコード

```javascript
let cat; // ネコのオブジェクト

function setup() {
  // ネコの初期位置と見た目を設定します
  cat = new Cat(50, 150); // x座標, y座標
  textAlign(CENTER, CENTER);
  textSize(24);
}

function draw() {
  background(255); // 背景を白に設定

  // ネコを描画します
  cat.draw();

  // 画面の隅に何か表示しても良いでしょう
  fill(0);
  text(""ネコを動かしてね"", width / 2, height - 30);
}

// ネコのクラス定義
class Cat {
  constructor(x, y) {
    this.x = x;
    this.y = y;
    this.color = 'black'; // ネコの色
    this.tailLength = 30; // 尻尾の長さ
  }

  draw() {
    // 本体（円）
    fill(this.color);
    noStroke();
    ellipse(this.x, this.y, 30, 40);

    // 耳（三角形）
    fill(this.color);
    triangle(this.x - 10, this.y - 15, this.x + 10, this.y - 15, this.x, this.y - 20);

    // 尻尾（線）
    stroke(this.color);
    strokeWeight(3);
    line(this.x, this.y, this.x + this.tailLength / 2, this.y + this.tailLength / 2);
  }
}

// ネコの移動処理（キーボード入力）
function keyPressed() {
  if (key === 'ArrowUp' || key === 'w') {
    cat.y -= 5; // 上に移動
  } else if (key"
True,False,length,normal,1,211.6,6.1,1084,512,84059.8,"はい、p5.js で猫が走るスケッチコードを書いてみましょう。

この例では、猫の動きを少し不規則にするために、ランダムな速度と方向の変化を加えています。

### p5.js スケッチコード

```javascript
let cat;
let speed = 3; // 猫の基本的な移動速度
let angle = 0; // 猫の向き（ラジアン）

function setup() {
  // 猫の初期位置と見た目を設定
  cat = new Cat(50, 150);
  background(220, 240, 220); // 薄い青緑の背景
  textAlign(CENTER, BOTTOM);
  textSize(16);
}

function draw() {
  // 1. 猫を動かす
  cat.move(speed, angle);

  // 2. 猫を描画する
  cat.show();

  // 3. スコアなどを表示する（オプション）
  fill(0);
  text(""猫が走っています！"", width / 2, height - 20);
}

// --- クラス定義：Cat ---
class Cat {
  constructor(x, y) {
    this.x = x;
    this.y = y;
    this.bodyColor = color(255, 200, 150); // オレンジがかった茶色
    this.earColor = color(255, 255, 255); // 白い耳
    this.tailColor = color(100, 80, 60); // 暗い茶色のしっぽ
    this.headSize = 20;
    this.bodyHeight = 40;
    this.legLength = 30;
    this.moveDirection = random(-1, 1); // -1: 左, 1: 右, 0: 上下
  }

  move(speed, direction) {
    // 走っている場合
    if (speed > 0) {
      this.x += speed * Math.cos(this.angle);
      this.y += speed * Math.sin(this.angle);
    }

    // 画面端で止める
    if (this."
True,False,length,normal,2,214.9,5.96,980,512,85940.8,"はい、p5.js でネコが走るスケッチの例をいくつか提案します。

最もシンプルな、ネコが画面の左右に動く例から、少しアニメーションを加えた例までご紹介します。

### 1. 基本的な移動（シンプルな動き）

この例では、ネコが画面の端に到達すると反対側に移動します。

```javascript
let catX = 50;
let catY = height / 2;
let speed = 5; // 移動速度

function setup() {
  createCanvas(600, 400);
  // ネコの初期位置を設定
  catX = width / 2;
  catY = height / 2;
}

function draw() {
  background(220); // 薄いグレーの背景

  // ネコを描画
  drawCat();

  // 左右の境界チェックと移動
  if (catX < 30) {
    catX += speed; // 左端を超えたら右に動かす
  } else if (catX > width - 30) {
    catX -= speed; // 右端を超えたら左に動かす
  }
}

function drawCat() {
  // 体（丸）
  fill(0);
  noStroke();
  ellipse(catX, catY, 40, 50);

  // 耳（三角形）
  fill(0);
  triangle(catX - 10, catY - 20, catX + 10, catY - 20, catX, catY - 30);

  // 尻尾（線）
  stroke(0);
  strokeWeight(3);
  line(catX, catY + 10, catX + 10, catY + 20);

  // 鼻（丸）
  fill(black);
  ellipse(catX, catY + 5, 5, 5);

  // 目（白）
  fill(255);
  ellipse(catX - 8, catY - 10, 5, 5);
  ellipse(catX + 8, catY - 10, 5, 5);
}
```"
True,True,length,normal,0,287.8,6.05,736,346,57283.5,"```js
let catX = 100;
let catY = 100;
let catVY = 0;
let catSpeed = 3;
let catSize = 40;
let isJumping = false;
let groundY = 370;

function setup() {
  createCanvas(400, 400);
}

function draw() {
  background(240);

  // ネコの描画
  fill(255, 100, 100); // ピンクっぽい色
  noStroke();
  ellipse(catX, catY, catSize, catSize);

  // 重力と地面との衝突判定
  catVY = catVY + 0.5;
  if (catY > groundY) {
    catY = groundY;
    catVY = -catSpeed; // 落下開始
    isJumping = false;
  }

  // ネコを右に動かす
  catX = catX + catSpeed;

  // ネコが画面外に出たらリセット
  if (catX > width + catSize) {
    catX = 100;
    catY = groundY;
    catVY = 0;
  }
}

function mousePressed() {
  // マウスを押したらジャンプ
  if (mouseY < catY) {
    catVY = -10; // 上に移動
    isJumping = true;
  }
}
```"
True,True,length,normal,1,280.2,6.16,1160,512,83298.6,"```js
let catX = 100;
let catY = 100;
let catVY = 0;
let catSpeed = 5;
let catSize = 40;
let items = [
  {x: 100, y: 100, r: 10},
  {x: 200, y: 100, r: 10},
  {x: 300, y: 100, r: 10}
];
let myScore = 0;
let gameOver = false;
let gameSpeed = 1;

function setup() {
  createCanvas(400, 400);
  textAlign(CENTER, BOTTOM);
  textSize(20);
}

function draw() {
  background(240);

  if (gameOver) {
    fill(255, 100, 100);
    text('Game Over', width / 2, height / 2);
    return;
  }

  // Cat movement
  catVY = catVY + catSpeed * gameSpeed;
  catY = catY + catVY;
  if (catY > 370) {
    catY = 370;
    catVY = -10;
  }

  // Item movement and collision
  for (let i = items.length - 1; i >= 0; i--) {
    let item = items[i];
    item.x = item.x + item.vx;
    item.y = item.y + item.vy;

    // Cat collision
    let dist(catX, catY, item.x, item.y) < item.r ? item.color : color(255);

    // Item removal
    if (item.x < 0 || item.x > width || item.y < 0 || item.y > height) {
      items.splice(i, 1);
      myScore--;
      if (myScore < 0) {
        gameOver = true;
      }
      continue;
    }

    // Score update
    if (item.x > catX - catSize / "
True,True,length,normal,2,271.3,5.99,597,283,47338.1,"```js
let catX = 100;
let catY = 100;
let catVX = 2;
let catVY = 0;
let catSize = 40;
let catColor = '#555555';
let groundY = 350;

function setup() {
  createCanvas(400, 400);
}

function draw() {
  background(240);

  // ネコを動かす
  catX = catX + catVX;
  catY = catY + catVY;

  // ネコが地面に落ちたら止める
  if (catY >= groundY) {
    catVY = 0;
    catVX = 0;
    catY = groundY - catSize;
  }

  // ネコを描く
  fill(catColor);
  stroke(255);
  strokeWeight(2);
  ellipse(catX, catY, catSize, catSize);
}

function mousePressed() {
  // マウスが押されたらネコを少し動かす
  catVX = random(-3, 3);
  catVY = random(-3, 3);
}
```"
True,False,length,long,0,219.0,6.11,1211,512,83870.1,"はい、承知いたしました。p5.js を使って、色々な色の猫がランダムな速度で走るスケッチを作成します。

### p5.js スケッチコード

以下のコードを p5.js のエディタ（例：[p5.js Web Editor](https://editor.p5js.org/)）に貼り付けて実行してください。

```javascript
let cats = [];
let groundY;

// 猫のクラス定義
class Cat {
  constructor(x, y, color, speed) {
    this.x = x;
    this.y = y;
    this.color = color;
    this.speed = speed; // 走る速さ
    this.size = 40;
    this.isJumping = false;
    this.jumpHeight = 80;
    this.gravity = 0.5;
  }

  update() {
    // 走る
    if (!this.isJumping) {
      this.y = this.groundY;
    } else {
      // ジャンプ中
      this.y -= this.speed; // 上に移動
      if (this.y < this.groundY - this.jumpHeight) {
        this.isJumping = false;
        // 地面に落ちる
        this.y = this.groundY - this.jumpHeight;
      }
    }

    // 重力で下がる
    if (this.y > this.groundY) {
      this.y += this.gravity;
    }
  }

  draw() {
    // 猫の本体 (楕円で表現)
    fill(this.color);
    noStroke();
    ellipse(this.x, this.y, this.size, this.size * 1.2); // 少し縦長に

    // 耳
    fill(this.color);
    stroke(this.color);
    strokeWeight(3);
    arc(this.x + this.size / 2, this.y - this.size / 2, this.size / 2, this.size / 2, PI / 4);

    // 尻尾 (少し長く、下に垂らす)
    fill(this.color);
    stroke("
True,False,length,long,1,220.6,6.05,1223,511,84487.0,"はい、承知いたしました。p5.js を使って、色々な色の猫がランダムなスピードで走るスケッチを作成します。

以下のコードをp5.jsのエディタやHTMLファイルに貼り付けて実行してください。

### p5.js スケッチコード

```javascript
let cats = [];
let groundY;

// 猫のクラス定義
class Cat {
  constructor(x, y, color, speed) {
    this.x = x;
    this.y = y;
    this.color = color;
    this.speed = speed; // 走る速さ
    this.size = 40;
    this.jumpHeight = 80;
    this.gravity = 0.5;
    this.isJumping = false;
  }

  update() {
    // 走る
    if (this.y !== groundY) {
      this.y += this.speed;
    }

    // 重力
    if (this.isJumping) {
      this.jumpVelocity += this.gravity;
      this.y += this.jumpVelocity;
      // 地面に落ちたら止める
      if (this.y >= groundY) {
        this.y = groundY;
        this.isJumping = false;
        this.jumpVelocity = 0;
      }
    }
  }

  draw() {
    // 本体（円）
    fill(this.color);
    noStroke();
    ellipse(this.x, this.y, this.size);

    // 耳
    fill(this.color);
    stroke(this.color);
    strokeWeight(3);
    arc(this.x + this.size / 2 - 5, this.y - this.size / 2 + 5, this.size / 2, this.size / 2, PI / 3, 2 * PI / 3);

    // 尻尾（線）
    stroke(this.color);
    strokeWeight(2);
    line(this.x, this.y + this.size / 2, this.x + this.size / 2, this.y + this.size / 4);
  }

  jump"
True,False,length,long,2,218.8,6.05,953,512,84678.6,"はい、承知いたしました。p5.js を使って、色々な色のネコがそれぞれ違う速さで走るスケッチを作成します。

以下のコードを p5.js のエディタ（例: p5.js Web Editor）に貼り付けて実行してください。

### p5.js スケッチコード

```javascript
let cats = [];
const numCats = 5; // ネコの数を設定

// ネコの描画関数
function drawCat(x, y, color) {
  // 本体（円）
  fill(color);
  noStroke();
  ellipse(x, y, 30, 35);

  // 耳（三角形）
  fill(color);
  stroke(color(color.r * 0.8, color.g * 0.8, color.b * 0.8)); // 少し暗くして内側を表現
  strokeWeight(2);
  triangle(x - 10, y - 15, x + 10, y - 15, x, y - 20);

  // 鼻（小さな円）
  fill(255);
  noStroke();
  ellipse(x, y + 5, 3, 3);

  // 耳の内側（少し暗く）
  fill(color(color.r * 0.7, color.g * 0.7, color.b * 0.7));
  stroke(color(255, 255, 255, 1));
  strokeWeight(1);
  beginShape();
  vertex(x - 8, y - 12);
  vertex(x + 8, y - 12);
  vertex(x, y - 18);
  endShape(CLOSE);

  // 足（細長い楕円）
  fill(color(color.r * 0.8, color.g * 0.8, color.b * 0.8));
  ellipse(x - 5, y + 10, 15, 20);
  ellipse(x + 5, y + 10, 15, 20);
}

// 新しいネコを生成する関数
function"
True,True,length,long,0,292.9,6.09,1144,512,84163.8,"```js
let cats = [];
let catSpeed = 2;
let itemX = 100;
let itemY = 100;
let myScore = 0;
let gameActive = false;
let itemSize = 20;

function setup() {
  createCanvas(400, 400);
  textAlign(CENTER, CENTER);
  textSize(16);
  
  // ネコをいくつか作る
  cats.push({x: 100, y: 100, speed: 2, color: color(255, 100, 100)});
  cats.push({x: 300, y: 300, speed: 1, color: color(100, 255, 100)});
  cats.push({x: 200, y: 350, speed: 3, color: color(100, 100, 255)});
  
  // アイテムを一つ作る
  items.push({x: itemX, y: itemY, size: itemSize, color: cols[myScore % cols.length]});
  
  textAlign(LEFT, TOP);
  fill(0);
  text(""Click to Start"", width / 2, height / 2);
}

function draw() {
  background(240);

  if (!gameActive) {
    fill(0);
    text(""Click to Start"", width / 2, height / 2);
    return;
  }

  // ネコを動かす
  cats.forEach(cat => {
    cat.x += cat.speed;
    if (cat.x < 0 || cat.x > width || cat.y < 0 || cat.y > height) {
      cat.speed *= -1; // 画面外に出たら逆方向に動かす
    }
    fill(cat.color);
    noStroke();
    ellipse(cat.x, cat.y, itemSize, itemSize);
  });

  // アイテムを動かす
  items.forEach(item => {
    item.x += itemSpeed;
    item.y += itemSpeed;"
True,True,length,long,1,300.9,6.01,1096,512,85288.3,"```js
let cats = [];
let catSpeed = 2;
let gameActive = false;

function setup() {
  createCanvas(400, 400);
  gameActive = true;
  // ネコをいくつか作成
  cats.push({x: 50, y: 150, vy: 0, color: color(255, 100, 100)});
  cats.push({x: 250, y: 300, vy: 0, color: color(100, 255, 100)});
  cats.push({x: 350, y: 100, vy: 0, color: color(100, 100, 255)});
}

function draw() {
  background(240);

  if (gameActive) {
    cats.forEach(cat => {
      // ネコの動きを少しずつ変える
      cat.vx = cat.vx + random(-1, 1) * catSpeed;
      cat.vy = cat.vy + random(-1, 1) * catSpeed;
      cat.x = cat.x + cat.vx;
      cat.y = cat.y + cat.vy;

      // 画面外に出たらリセット
      if (cat.x < 0 || cat.x > width || cat.y < 0 || cat.y > height) {
        cat.x = random(50, width - 50);
        cat.y = random(50, height - 50);
        cat.vx = random(-1, 1) * catSpeed;
        cat.vy = random(-1, 1) * catSpeed;
      }

      // ネコの描画
      fill(cat.color);
      ellipse(cat.x, cat.y, 30, 40);
      // 耳
      triangle(cat.x - 10, cat.y - 15, cat.x - 5, cat.y - 20, cat.x + 5, cat.y - 20);
    });
  } else {
    textAlign(CENTER,"
True,True,length,long,2,288.2,6.06,1090,489,80800.7,"```js
let cats = [];
let catSpeed = 2;
let gameActive = false;

function setup() {
  createCanvas(400, 400);
  background(240);
  cats.push({x: 50, y: 150, speed: 2, color: color(255, 100, 100)});
  cats.push({x: 250, y: 150, speed: 1, color: color(100, 255, 100)});
  cats.push({x: 350, y: 150, speed: 3, color: color(100, 100, 255)});
  gameActive = true;
}

function draw() {
  background(240);

  if (gameActive) {
    cats.forEach(cat => {
      // 猫をランダムに動かす
      cat.x += cat.speed * random(-1, 1);
      cat.y += cat.speed * random(-1, 1);

      // 画面外に出たらリセット
      if (cat.x < 0 || cat.x > width || cat.y < 0 || cat.y > height) {
        cat.x = random(50, width - 50);
        cat.y = random(50, height - 50);
        cat.speed = random(1, 3);
        cat.color = color(random(255), random(255), random(255));
      }

      // 猫を描画
      fill(cat.color);
      stroke(0);
      strokeWeight(5);
      ellipse(cat.x, cat.y, 30, 40);
    });
  }
}

function mousePressed() {
  if (cats.length > 0) {
    // クリックした猫に追従させる
    cats[0].x = mouseX;
    cats[0].y = mouseY;
  }
}
```"
True,False,preset,neko,0,219.5,6.1,1034,512,84039.7,"はい、承知いたしました。p5.js で猫が走るアニメーションを作成するスケッチコードを以下に示します。

このコードでは、猫の動きを滑らかにするために、位置を時間経過によって変化させています。

### p5.js スケッチコード

```javascript
let cat;
let speed = 5; // 猫の走る速さ

function setup() {
  // 猫を描画するためのオブジェクト（ここでは簡単な円で表現）
  cat = {
    x: 50,
    y: height / 2,
    size: 50,
    color: color(139, 69, 197) // 紫っぽい色
  };
  createGround();
}

function draw() {
  background(240, 248, 255); // 薄い水色

  // 猫を描画
  fill(cat.color);
  noStroke();
  ellipse(cat.x, cat.y, cat.size, cat.size * 1.2); // 少し縦長に

  // 足を描画（走っていることを表現）
  drawCatLegs();
}

function drawCatLegs() {
  // 前足
  fill(cat.color);
  rect(cat.x - cat.size * 0.3, cat.y + cat.size * 0.4, cat.size * 0.2, cat.size * 0.6);

  // 後ろ足
  fill(cat.color);
  rect(cat.x + cat.size * 0.2, cat.y + cat.size * 0.3, cat.size * 0.2, cat.size * 0.5);
}

function createGround() {
  // 地面を描画
  fill(180, 190, 150); // 緑がかった茶色
  rect(0, height - 50, width, 50);
}

// 猫をランダムな位置に動かす関数
function moveCat() {
  // 猫が画面外に出ないように制限
  cat.x = constrain(cat.x + speed, 50, width - cat.size * 1.5);
"
True,False,preset,neko,1,226.6,6.14,1141,512,83528.6,"はい、承知いたしました。p5.js を使って、ネコが画面上で走る（動く）スケッチを作成します。

ここでは、ネコのシンプルなアニメーションと、キーボードの入力に応じてネコを動かす基本的な動きを実装します。

### p5.js スケッチコード

以下のコードを p5.js のエディタ（例: p5.js Web Editor）に貼り付けて実行してください。

```javascript
let cat;
let speed = 5; // ネコの移動速度

function setup() {
  // ネコの初期設定
  cat = createCat();
  textAlign(CENTER, CENTER);
  textSize(24);
}

function draw() {
  background(220, 240, 220); // 薄い緑っぽい背景

  // ネコを描画
  cat.update();
  cat.draw();
}

// ネコを作成する関数
function createCat() {
  const x = 100;
  const y = height / 2;
  const bodyColor = '#558B2F'; // 緑っぽい色
  const earColor = '#336633'; // 暗い緑
  const pawColor = '#885522'; // 茶色っぽい色

  const catBody = createCircle(x, y, 30, bodyColor);
  const catHead = createCircle(x - 10, y - 10, 15, bodyColor);
  const catTail = createArc(x + 10, y + 10, 20, bodyColor);
  const leftPaw = createOval(x - 10, y + 15, 10, pawColor);
  const rightPaw = createOval(x + 10, y + 15, 10, pawColor);
  const leftEar = createTriangle(x - 15, y - 15, x - 5, y - 20, earColor);
  const rightEar = createTriangle(x + 15, y - 15, x + 5, y - 20, earColor);

  return {
    body: catBody,
    head: catHead,
    tail: cat"
True,False,preset,neko,2,217.3,6.09,1044,512,84110.9,"はい、承知いたしました。p5.js を使って、ネコが画面上をはしるシンプルなスケッチを作成します。

ネコはランダムな方向へ動き、画面の端に到達すると反対側へ跳ね返るようにします。

```javascript
let cat;
let speed = 5; // ネコの移動速度

function setup() {
  // ネコの初期設定
  cat = {
    x: random(50, width - 50), // 画面の少し内側のX座標
    y: height / 2,          // 画面の真ん中あたり
    size: 40,
    color: 'pink'
  };
  background(220, 240, 220); // 薄い水色を背景に設定
}

function draw() {
  // 1. ネコを動かす
  cat.x += cat.moveX;
  cat.y += cat.moveY;

  // 2. 画面の端で跳ね返る処理
  if (cat.x < cat.size / 2) {
    cat.moveX = speed; // 左端で右へ
    cat.x = cat.size / 2;
  } else if (cat.x > width - cat.size / 2) {
    cat.moveX = -speed; // 右端で左へ
    cat.x = width - cat.size / 2;
  }
  if (cat.y < cat.size / 2) {
    cat.moveY = speed; // 上端で下へ
    cat.y = cat.size / 2;
  } else if (cat.y > height - cat.size / 2) {
    cat.moveY = -speed; // 下端で上へ
    cat.y = height - cat.size / 2;
  }

  // 3. ネコを描画する
  drawCat();
}

function drawCat() {
  // 本体（円）
  fill(cat.color);
  noStroke();
  ellipse(cat.x, cat.y, cat.size);

  // 耳 (三角形)
  fill(cat.color);
  beginShape();
"
True,True,preset,neko,0,271.0,5.98,636,300,50296.5,"```js
let catX = 100;
let catY = 100;
let catVY = 0;
let catSpeed = 3;
let catColor = '#444444';

function setup() {
  createCanvas(400, 400);
}

function draw() {
  background(240);

  // ネコの動きを計算
  catVY = catVY + catSpeed;
  catY = catY + catVY;

  // ネコの描画
  fill(catColor);
  noStroke();
  ellipse(catX, catY, 30, 40);

  // ネコの足の描画
  fill(255);
  rect(catX - 5, catY + 35, 10, 10);
}

function mousePressed() {
  // マウスをクリックしたらネコを動かす（例：マウスの方向に動かす）
  let dx = mouseX - catX;
  let dy = mouseY - catY;
  let mag = sqrt(dx * dx + dy * dy);

  if (mag > 0) {
    catX += dx / mag * catSpeed;
    catY += dy / mag * catSpeed;
  }
}
```"
True,True,preset,neko,1,281.8,6.01,498,238,39724.5,"```js
let catX = 100;
let catY = 100;
let catVY = 0;
let catSpeed = 3;
let catSize = 40;
let groundY = 370;
let catColor = '#555555';

function setup() {
  createCanvas(400, 400);
}

function draw() {
  background(240);

  // ネコの動き
  catVY = catVY + catSpeed;
  catY = catY + catVY;

  // ネコが地面に落ちたら止める
  if (catY >= groundY) {
    catY = groundY;
    catVY = 0;
  }

  // ネコを描画
  fill(catColor);
  stroke(255, 255, 255);
  strokeWeight(catSize / 20);
  ellipse(catX, catY, catSize, catSize);
}
```"
True,True,preset,neko,2,279.9,6.12,446,222,36378.2,"```js
let catX = 100;
let catY = 100;
let catVX = 2;
let catVY = 0;
let catSize = 30;
let catColor = '#444444';

function setup() {
  createCanvas(400, 400);
}

function draw() {
  background(240);

  // ねこの動き
  catVX = catVX * 0.98; // 少しずつ減速
  catVY = catVY + 0.5;
  catX = catX + catVX;
  if (catX > 370) {
    catX = 100;
    catVY = -5; // 画面左に戻る
  }

  // ねこの描画
  fill(catColor);
  noStroke();
  ellipse(catX, catY, catSize, catSize);
}
```"
True,False,preset,ball,0,217.0,6.08,1111,512,84334.4,"はい、p5.js でボールをはねさせるスケッチコードをいくつか提案します。

最も基本的な「マウスでドラッグしてボールを動かす」例と、「一定の力でボールを跳ねさせる」例をご紹介します。

---

### 1. マウス操作でボールを動かす（最も一般的）

このコードでは、マウスをドラッグしたときにボールが追従するようにします。

```javascript
let ball;
let mouseX, mouseY;
let speed = 5; // ボールの移動速度

function setup() {
  // キャンバスのサイズを設定
  createCanvas(800, 600);
  
  // ボールの初期位置とサイズを設定
  ball = createBall(width / 2, height / 2, 20);
  
  // マウスの位置を初期化
  mouseX = width / 2;
  mouseY = height / 2;
}

function draw() {
  background(220); // 薄いグレーの背景

  // ボールをマウスの位置に移動させる
  ball.x = mouseX;
  ball.y = mouseY;

  // ボールを画面内に留める（壁との衝突判定）
  if (ball.x < ball.radius) {
    ball.x = ball.radius;
  } else if (ball.x > width - ball.radius) {
    ball.x = width - ball.radius;
  }
  if (ball.y < ball.radius) {
    ball.y = ball.radius;
  } else if (ball.y > height - ball.radius) {
    ball.y = height - ball.radius;
  }

  // ボールを描画
  fill(255, 0, 0); // 赤いボール
  noStroke();
  ellipse(ball.x, ball.y, ball.radius * 2);
}

function createBall(x, y, r) {
  ball = {
    x: x,
    y: y,
    radius: r,
    vx: 0, // 水平速度
    vy: 0  // 垂直速度
  };
}
```

### 2. 常に上下に跳ねるボール（物理演算風）"
True,False,preset,ball,1,222.0,6.02,1085,512,85175.6,"はい、p5.js でボールをはねるスケッチコードをいくつか提案します。

一番シンプルで基本的な「ボールをマウスの位置に追従させる」例から、少し物理的な挙動（重力や摩擦）を加えた例までご紹介します。

---

### 1. 基本的なボール（マウス追従）

最もシンプルで、ボールがマウスを追いかけるように動くコードです。

```javascript
let ballX, ballY;
let ballRadius = 20;
let velocityX = 0;
let velocityY = 0;

function setup() {
  // ボールの初期位置を設定
  ballX = width / 2;
  ballY = height / 2;
}

function draw() {
  background(220); // 薄いグレーの背景

  // ボールを描画
  fill(255, 0, 0); // 赤いボール
  circle(ballX, ballY, ballRadius);

  // マウスの位置にボールを移動させる
  ballX = mouseX;
  ballY = mouseY;

  // ボールに少しだけ速度を与える（動きを出すため）
  velocityX = ballX - ballX; // 実際には mouseX - ballX
  velocityY = ballY - ballY; // 実際には mouseY - ballY
  
  // 速度を少しずつ減衰させる（摩擦の簡易表現）
  velocityX *= 0.99;
  velocityY *= 0.99;
}
```

---

### 2. 重力と跳ね返り（物理的な挙動）

ボールに重力（下に引っ張られる力）と、壁に当たったときの跳ね返り（反発力）を加えた、より「はねる」感覚のあるコードです。

```javascript
let ballX = width / 2;
let ballY = height / 2;
let ballRadius = 25;
let gravity = 0.5; // 重力の強さ
let restitution = 0.8; // 跳ね返りの度合い (1.0で完全に跳ね返る)

function setup() {
  ballX = width / 2;
  ballY = height / 2;
}

function draw() {
  background(180"
True,False,preset,ball,2,213.4,6.15,1046,512,83291.4,"はい、p5.js でボールを動かすスケッチコードをいくつか提案します。

最も基本的な「ボールを画面内で動かす」コードから、少し面白みを加えたコードまで用意しました。

### 1. 基本的なボールの動き

このコードは、マウスの位置に向かってボールが移動し、画面の端に達したら跳ね返る、シンプルな動きを表現します。

```javascript
let ball;
let speed = 5; // ボールの移動速度

function setup() {
  // ボールの初期位置とサイズを設定
  ball = createBall(width / 2, height / 2, 20);
  background(220); // 薄いグレーの背景
}

function draw() {
  // 1. ボールを更新（移動と跳ね返り）
  ball.move(mouseX, mouseY, speed);

  // 2. ボールを描画
  fill(255, 50, 50); // 赤っぽい色
  noStroke();
  ellipse(ball.x, ball.y, ball.radius);
}

function createBall(x, y, r) {
  return {
    x: x,
    y: y,
    radius: r,
    vx: 0, // 水平速度
    vy: 0  // 垂直速度
  };
}

// ボールをマウスに追従させるためのヘルパー関数
function moveBall(b, mx, my, s) {
  // マウスに向かって移動する
  let dx = mx - b.x;
  let dy = my - b.y;
  let dist = Math.sqrt(dx * dx + dy * dy);

  if (dist > 0) {
    b.vx = (dx / dist) * s;
    b.vy = (dy / dist) * s;
  }
  
  // 速度を制限（無限に速く動かないように）
  b.vx = constrain(b.vx, -s, s);
  b.vy = constrain(b.vy, -s, s);

  // 画面の端にぶつかったら跳ね返す
  if (b.x + b.radius > width || b.x - b.radius < 0"
True,True,preset,ball,0,287.5,6.07,445,208,34428.2,"```js
let ballX = 200;
let ballY = 100;
let ballVY = 0;
let ballRadius = 50;
let ballColor = color(255, 100, 100);
let cols = ['#ff4444', '#ffaa00', '#ffee00'];

function setup() {
  createCanvas(400, 400);
}

function draw() {
  background(240);
  ballVY = ballVY + 0.5;
  ballY = ballY + ballVY;
  if (ballY > 370) {
    ballY = 370;
    ballVY = -10;
  }
  fill(ballColor);
  noStroke();
  ellipse(ballX, ballY, ballRadius, ballRadius);
}
```"
True,True,preset,ball,1,272.4,6.13,918,422,68948.7,"```js
let ballX = 200;
let ballY = 100;
let ballVY = 0;
let ballRadius = 50;
let ballColor = color(255, 100, 100);
let myScore = 0;
let cols = ['#ff4444', '#ffaa00', '#ffee00'];
let items = [{x: 100, y: 100}, {x: 300, y: 300}];

function setup() {
  createCanvas(400, 400);
}

function draw() {
  background(240);
  ballVY = ballVY + 0.5;
  ballY = ballY + ballVY;
  if (ballY > 370) {
    ballY = 370;
    ballVY = -10;
  }
  fill(ballColor);
  noStroke();
  ellipse(ballX, ballY, ballRadius, ballRadius);

  for (let i = 0; i < items.length; i++) {
    let item = items[i];
    let colIndex = i % cols.length;
    fill(cols[colIndex]);
    rect(item.x, item.y, 20, 20);
    if (dist(ballX, ballY, item.x, item.y) < ballRadius) {
      myScore++;
      items.splice(i, 1);
      i--;
    }
  }
  text(myScore, 10, 30);
}

function mousePressed() {
  ballX = mouseX;
  ballY = mouseY;
  ballVY = random(-10, 10);
}
```"
True,True,preset,ball,2,271.9,6.12,398,183,30045.5,"```js
let ballX = 200;
let ballY = 100;
let ballVY = 0;
let ballRadius = 50;
let bounceFactor = 0.8;

function setup() {
  createCanvas(400, 400);
}

function draw() {
  background(240);
  ballVY = ballVY * bounceFactor;
  ballY = ballY + ballVY;
  if (ballY > 370) {
    ballY = 370;
    ballVY = -10;
  }
  fill(255, 100, 100);
  noStroke();
  ellipse(ballX, ballY, ballRadius, ballRadius);
}
```"
True,False,preset,button,0,219.2,6.17,1168,511,82948.8,"はい、承知いたしました。p5.js を使って、ボタンを押すと背景の色が変化するスケッチコードを作成します。

以下のコードをp5.jsのエディタ（例：p5.js Web Editor）に貼り付けて実行してください。

### p5.js スケッチコード

```javascript
let currentColor = random(255); // 初期色をランダムに設定

function setup() {
  // キャンバスのサイズを設定
  createCanvas(400, 400);
  // ボタンのスタイルを設定
  textAlign(CENTER, CENTER);
  textSize(18);
}

function draw() {
  // 背景を現在の色で塗りつぶす
  background(currentColor);

  // ボタンを描画
  fill(255); // ボタンの文字色を白に設定
  noStroke();
  rect(width / 2 - 100 / 2, height / 2 - 30 / 2, 200, 50); // ボタンのサイズを調整
  
  // ボタンのテキストを設定
  text(""色を変える"", width / 2, height / 2 + 10);
}

// マウスがボタンの上に来たときに実行される関数
function mousePressed() {
  // ボタンの領域を定義 (例: 中央下部分)
  let buttonX = width / 2 - 100 / 2;
  let buttonY = height / 2 - 30 / 2;
  let buttonWidth = 200;
  let buttonHeight = 50;

  if (mouseX > buttonX && mouseX < buttonX + buttonWidth && mouseY > buttonY && mouseY < buttonY + buttonHeight) {
    // 色をランダムに変更する
    currentColor = random(255);
    console.log(""色が変更されました: "" + currentColor);
  }
}
```

### コードの解説

1. **`let currentColor = random(255);`**: スケッチ開始時に、背景色をランダムなRGB値（0〜255）に設定します。
2. **`setup()`**:
   - `createCanvas(400, 400);` で描画領域を作成します。
   - ボタン"
True,False,preset,button,1,214.1,6.12,1090,511,83561.2,"はい、承知いたしました。p5.js で、ボタンを押すと背景の色が交互に変わるスケッチを作成します。

以下のコードをp5.jsのエディタやHTMLファイルに貼り付けて実行してください。

### p5.js スケッチコード

```javascript
let myColor = 255; // 初期色（白）
let currentColor = myColor; // 現在表示されている色

function setup() {
  // キャンバスのサイズを設定
  createCanvas(400, 400);
  // ボタンのサイズと位置を設定
  textAlign(CENTER, CENTER);
  textSize(18);
}

function draw() {
  // 背景を現在の色で塗りつぶす
  background(currentColor);

  // ボタンを描画
  fill(255); // ボタンの文字色を白に設定
  noStroke();
  rect(width / 2 - 80, height / 2 - 20, 160, 40, 5); // ボタンの描画（角丸）
  
  // ボタンのテキストを設定
  fill(myColor); // ボタンの文字色を背景色に設定
  text(""色変更"", width / 2, height / 2 + 10);
}

// ボタンがクリックされたときの処理
function mousePressed() {
  // クリックされた色を切り替える
  if (myColor === 255) {
    myColor = 0; // 黒に設定
  } else if (myColor === 0) {
    myColor = 255; // 白に設定
  } else {
    // 0と255の間で切り替える
    myColor = 255 - myColor;
  }
  
  // 次の描画サイクルで新しい色が表示される
  currentColor = myColor;
}
```

### コードの解説

1. **`let myColor = 255;`**: スケッチ開始時にボタンの色を白（255）に設定します。
2. **`setup()`**:
   - `createCanvas(400, 400);` で描画領域を作成します。
   - ボタンを描画するための基本的な設定を行います。
3. **`draw()`"
True,False,preset,button,2,215.9,6.15,1134,511,83193.0,"はい、承知いたしました。p5.js を使って、ボタンを押すと背景の色が変化するスケッチコードを書いてみましょう。

以下のコードをp5.jsのエディタ（例：p5.js Web Editor）に貼り付けて実行してください。

### p5.js スケッチコード

```javascript
let myBackgroundColor = 220; // 初期背景色（薄いグレー）
let buttonColor = 100;      // ボタンの初期色

function setup() {
  // キャンバスのサイズを設定
  createCanvas(400, 400);
  // ボタンのサイズを設定
  textAlign(CENTER, CENTER);
  textSize(18);
}

function draw() {
  // 1. 背景を描画
  background(myBackgroundColor);

  // 2. ボタンを描画
  fill(buttonColor);
  rect(width / 2 - 80, height / 2 - 20, 160, 40, 5); // 角丸のボタン
  
  // ボタンのテキストを描画
  fill(255); // 文字色を白に設定
  text(""色を変える"", width / 2, height / 2 + 5);
}

// ボタンがクリックされたときの処理
function mousePressed() {
  // マウスがボタンの範囲内にあるかチェック
  if (mouseX > width / 2 - 80 && mouseX < width / 2 + 80 && 
      mouseY > height / 2 - 20 && mouseY < height / 2 + 20) {
    
    // 背景色をランダムに変更する
    myBackgroundColor = random(200, 255); // 200から255までのランダムな値
    
    // ボタンの色もランダムに変更する（視覚的なフィードバックのため）
    buttonColor = random(100, 255); 
    console.log(""背景色を "" + myBackgroundColor + "" に変更しました。"");
  }
}
```

### コードの解説

1. **`let myBackgroundColor = 220;`**: スケッチ開始時に背景色を初期値（220、標準的なライトグレー）に設定"
True,True,preset,button,0,278.1,6.0,721,273,45621.4,"```js
let buttonX = 100;
let buttonY = 50;
let buttonW = 150;
let buttonH = 50;
let myButtonColor = '#4CAF50'; // Green

function setup() {
  createCanvas(400, 400);
  textAlign(CENTER, CENTER);
}

function draw() {
  background(240);
  fill(myButtonColor);
  rect(buttonX, buttonY, buttonW, buttonH);
  fill(255);
  textSize(16);
  text('Color', buttonX + buttonW / 2, buttonY + buttonH / 2);
}

function mousePressed() {
  // マウスがボタン内にあるかチェック
  if (mouseX >= buttonX && mouseX <= buttonX + buttonW && mouseY >= buttonY && mouseY <= buttonY + buttonH) {
    // ボタンの色をランダムに変更
    myButtonColor = color(random(200), random(200), random(200));
    myButtonColor = myButtonColor.toString(); // color() の結果を文字列として保持
  }
}
```"
True,True,preset,button,1,280.5,6.11,1097,423,69405.2,"```js
let buttonX = 100;
let buttonY = 50;
let btnW = 150;
let btnH = 50;
let btnColor = '#4CAF50';
let currentColor = '#4CAF50';
let colors = ['#4CAF50', '#2196F3', '#FF9800', '#F44336'];

function setup() {
  createCanvas(400, 400);
  textAlign(CENTER, CENTER);
  textSize(16);
  textAlignVertical(CENTER);
  myButton = createButton(buttonX, buttonY, btnW, btnH);
}

function draw() {
  background(240);
  fill(currentColor);
  noStroke();
  rect(buttonX, buttonY, btnW, btnH);
  fill(255);
  text('Color', buttonX + btnW / 2, buttonY + btnH / 2);
  myButton.mouseIsPressed();
  if (myButton.mouseIsPressed()) {
    currentColor = colors[myButton.selectedIndex];
    myButton.updateColor(currentColor);
  }
}

function createButton(x, y, w, h) {
  myButton = {x: x, y: y,w: w,h: h,c: btnColor,s: 0};
  myButton.mouseIsPressed = () => mouseIsPressed;
  myButton.updateColor = (c) => {myButton.c = c;myButton.s = myButton.s + 1 % colors.length;}
  myButton.selectedIndex = 0;
  myButton.mouseUp = () => myButton.mouseIsPressed = false;
}

function mousePressed() {
  myButton.mousePressed();
}
```"
True,True,preset,button,2,270.8,6.1,734,302,49639.7,"```js
let buttonX = 100;
let buttonY = 50;
let buttonW = 150;
let buttonH = 50;
let myColor = '#ff4444';
let nextColorIndex = 1;
let colors = ['#ff4444', '#ffaa00', '#ffee00', '#44ff44'];

function setup() {
  createCanvas(400, 400);
  textAlign(CENTER, CENTER);
  textSize(16);
}

function draw() {
  background(240);

  // ボタンの背景色を設定
  myColor = colors[nextColorIndex - 1];
  noStroke();
  fill(myColor);
  rect(buttonX, buttonY, buttonW, buttonH);

  // ボタンの文字色を設定
  fill(255);
  text('Color', buttonX + buttonW / 2, buttonY + buttonH / 2);

  // 次の色を設定
  nextColorIndex = (nextColorIndex % colors.length) + 1;
}

function mousePressed() {
  // マウスが押されたらボタンの色を切り替える
  myColor = colors[nextColorIndex - 1];
  nextColorIndex++;
}
```"
True,False,preset,ame,0,209.3,6.14,1096,512,83414.1,"はい、承知いたしました。p5.js を使って、雨が降っているように見えるスケッチコードを書いてみましょう。

このコードでは、背景に白い線を描くことで雨の筋を表現し、ランダムな位置に水滴（ドロップ）を生成して、画面の下に向かって落ちていくようにします。

```javascript
let raindrops = [];
let numRaindrops = 50; // 降らせる雨粒の数
let dropSize = 2;      // 水滴のサイズ

function setup() {
  // キャンバスのサイズを設定
  createCanvas(800, 600);
  // 初期状態では雨粒を生成しておく
  for (let i = 0; i < numRaindrops; i++) {
    raindrops.push(new Raindrop());
  }
}

function draw() {
  background(200, 220, 255); // 空の色

  // 雨粒を描画
  for (let i = 0; i < raindrops.length; i++) {
    let drop = raindrops[i];
    
    // 水滴を描画
    fill(255); // 水滴の色
    ellipse(drop.x, drop.y, drop.size, drop.size);
    
    // 雨の筋を描画（少し透明度を落として残像効果を出す）
    noStroke();
    stroke(255, 255, 255, 100); // 白く、少し透明
    strokeWeight(drop.size / 2);
    line(drop.x, drop.y, drop.x + drop.vx, drop.y + drop.vy);
  }

  // 新しい雨粒をランダムな位置に追加
  if (random(1) < 0.5) { // 50%の確率で新しい雨粒を追加
    raindrops.push(new Raindrop());
  }
}

// Raindrop クラス：個々の雨粒を表す
class Raindrop {
  constructor() {
    // 画面の上部からランダムなX座標に開始
    this.x = random(width);
    this.y = random(-height, 0); // 画面外から"
True,False,preset,ame,1,216.6,6.13,1142,512,83551.2,"はい、承知いたしました。p5.js を使って「あめがふる」というテーマのスケッチを作成します。

今回は、画面上に雨粒をランダムに降らせるシンプルな表現にします。

```javascript
let raindrops = [];
let numRains = 50; // 画面上に同時に降らせる雨粒の数

function setup() {
  // スケッチのキャンバスサイズを設定
  createCanvas(800, 600);
  // 初期状態で雨粒をいくつか生成する
  for (let i = 0; i < numRains; i++) {
    raindrops.push(new Raindrop());
  }
}

function draw() {
  background(200, 220, 255); // やや明るい水色の背景

  // すべての雨粒を描画する
  for (let i = 0; i < raindrops.length; i++) {
    raindrops[i].update();
    raindrops[i].draw();
  }
}

// Raindrop クラスを定義
class Raindrop {
  constructor() {
    this.x = random(width);
    this.y = random(height);
    this.speed = random(1, 4); // 雨粒の落下速度
    this.size = random(1, 3); // 雨粒のサイズ
    this.color = color(150, 180, 220, random(100, 255))); // 薄い青色
  }

  update() {
    this.y += this.speed;
  }

  draw() {
    noStroke();
    fill(this.color);
    ellipse(this.x, this.y, this.size);
  }
}

// マウスをクリックすると新しい雨粒を生成する
function mousePressed() {
  raindrops.push(new Raindrop());
}
```

### このコードの解説

1.  **`setup()`**:
    *   `createCanvas(800, 600)` で描画領域（キャンバス）を作成します。
    *   `numRains` の数だけ `Raindrop` クラスのインスタンス（雨粒"
True,False,preset,ame,2,199.0,6.15,1158,512,83360.3,"はい、承知いたしました。p5.js を使って「あめがふる」というテーマのスケッチを作成します。

今回は、画面に降ってくる雨の粒を表現するシンプルなコードを提案します。

```javascript
let rainDrops = [];
let numRainDrops = 50; // 一度に降らせる雨粒の数
let dropSpeed = 5;    // 雨粒が落下する速さ

function setup() {
  // キャンバスのサイズを設定
  createCanvas(800, 600);
  // 初期状態では雨粒を生成しておく
  for (let i = 0; i < numRainDrops; i++) {
    rainDrops.push(new RainDrop());
  }
}

function draw() {
  background(200, 220, 255); // 空の色

  // 雨粒を更新して描画する
  for (let i = rainDrops.length - 1; i >= 0; i--) {
    let drop = rainDrops[i];
    drop.y += dropSpeed; // 落下
    
    // 地面に着いたら削除
    if (drop.y > height) {
      rainDrops.splice(i, 1);
      continue;
    }
    
    // 画面外に出たら削除
    if (drop.x < 0 || drop.x > width) {
      rainDrops.splice(i, 1);
      continue;
    }
    
    // 雨粒を描画
    fill(100, 100, 100); // 雨の色
    ellipse(drop.x, drop.y, dropSize);
  }
}

// 雨粒のクラス定義
class RainDrop {
  constructor() {
    this.x = random(width); // 画面のどこかからスタート
    this.y = random(-height, 0); // 画面の上からスタート
    this.vx = random(-2, 2); // 少し左右に動く
    this.vy = dropSpeed; // 下に落ちる速度
    this.size = random(2, 5); // 雨粒の大きさをランダムに設定
  }

  update() {
    this.x += this."
True,True,preset,ame,0,287.8,6.09,730,301,49587.5,"```js
let rainY = 0;
let rainSpeed = 2;
let raindropVY = 0;
let colors = ['#00aaff', '#44ff44', '#ffaa00'];
let drops = [];

function setup() {
  createCanvas(400, 400);
}

function draw() {
  background(240);

  // 雨を降らせる
  rainY = rainY + rainSpeed;
  if (rainY > height) {
    drops.pop();
    rainY = 0;
  }
  for (let i = 0; i < drops.length; i++) {
    let drop = drops[i];
    fill(drop.color);
    ellipse(drop.x, drop.y, drop.size, drop.size);
    drop.y = drop.y + drop.vy;
    if (drop.y > height) {
      drops.splice(i, 1);
      i--;
      continue;
    }
  }
}

function mousePressed() {
  drops.push({
    x: mouseX,
    y: mouseY,
    vy: random(-5, 5),
    color: colors[floor(random(colors.length))]
  });
}
```"
True,True,preset,ame,1,294.4,6.06,497,214,35468.1,"```js
let rainY = 0;
let rainSpeed = 3;
let dropColor = color(173, 216, 230); // Light blue for rain

function setup() {
  createCanvas(400, 400);
}

function draw() {
  background(240);

  // 雨を降らせる
  rainY = rainY + rainSpeed;
  if (rainY > height) {
    rainY = 0;
  }

  // 小さなドロップを描く
  for (let i = 0; i < 10; i++) {
    let dropY = rainY + random(-10, 10);
    let dropSize = random(2, 5);
    fill(dropColor);
    noStroke();
    ellipse(random(width), dropY, dropSize, dropSize);
  }
}
```"
True,True,preset,ame,2,284.5,6.08,388,144,23800.0,"```js
let rainY = 0;
let rainSpeed = 3;
let dropColor = '#87CEEB';
let backgroundColor = '#87CEEB';

function setup() {
  createCanvas(400, 400);
  background(backgroundColor);
}

function draw() {
  background(backgroundColor);
  rainY = rainY + rainSpeed;
  if (rainY > height) {
    rainY = 0;
  }
  fill(dropColor);
  noStroke();
  ellipse(random(width), random(height), 5, 10);
}
```"
